"가경동","가경동"
"가곡동","가곡동"
"가남읍 신해리","가남읍 신해리"
"가남읍 심석리","가남읍 심석리"
"가남읍 태평리","가남읍 태평리"
"가능동","가능동"
"가락동","가락동"
"가리봉동","가리봉동"
"가산동","가산동"
"가산면 마산리","가산면 마산리"
"가수동","가수동"
"가수원동","가수원동"
"가야동","가야동"
"가야면 야천리","가야면 야천리"
"가야면 황산리","가야면 황산리"
"가야읍 검암리","가야읍 검암리"
"가야읍 도항리","가야읍 도항리"
"가야읍 말산리","가야읍 말산리"
"가양동","가양동"
"가오동","가오동"
"가운동","가운동"
"가음동","가음동"
"가음정동","가음정동"
"가장동","가장동"
"가재동","가재동"
"가정동","가정동"
"가좌동","가좌동"
"가창면 용계리","가창면 용계리"
"가평읍 달전리","가평읍 달전리"
"가평읍 대곡리","가평읍 대곡리"
"가평읍 읍내리","가평읍 읍내리"
"가포동","가포동"
"가흥동","가흥동"
"각산동","각산동"
"각화동","각화동"
"간석동","간석동"
"간성읍 상리","간성읍 상리"
"간성읍 신안리","간성읍 신안리"
"갈곶동","갈곶동"
"갈마동","갈마동"
"갈말읍 군탄리","갈말읍 군탄리"
"갈말읍 신철원리","갈말읍 신철원리"
"갈말읍 지포리","갈말읍 지포리"
"갈매동","갈매동"
"갈산동","갈산동"
"갈월동","갈월동"
"갈천동","갈천동"
"갈현동","갈현동"
"감곡면 오향리","감곡면 오향리"
"감만동","감만동"
"감삼동","감삼동"
"감전동","감전동"
"감정동","감정동"
"감천동","감천동"
"감포읍 감포리","감포읍 감포리"
"감포읍 오류리","감포읍 오류리"
"감포읍 전동리","감포읍 전동리"
"강경읍 대흥리","강경읍 대흥리"
"강경읍 동흥리","강경읍 동흥리"
"강경읍 산양리","강경읍 산양리"
"강경읍 홍교리","강경읍 홍교리"
"강경읍 황산리","강경읍 황산리"
"강구면 강구리","강구면 강구리"
"강구면 오포리","강구면 오포리"
"강남동","강남동"
"강내면 월곡리","강내면 월곡리"
"강내면 월탄리","강내면 월탄리"
"강내면 탑연리","강내면 탑연리"
"강내면 황탄리","강내면 황탄리"
"강동면 안인리","강동면 안인리"
"강동면 유금리","강동면 유금리"
"강산동","강산동"
"강상면 병산리","강상면 병산리"
"강서동","강서동"
"강일동","강일동"
"강정동","강정동"
"강제동","강제동"
"강진읍 남성리","강진읍 남성리"
"강진읍 서성리","강진읍 서성리"
"강진읍 평동리","강진읍 평동리"
"강현면 정암리","강현면 정암리"
"강화읍 갑곳리","강화읍 갑곳리"
"강화읍 관청리","강화읍 관청리"
"강화읍 남산리","강화읍 남산리"
"강화읍 신문리","강화읍 신문리"
"강화읍 옥림리","강화읍 옥림리"
"개군면 하자포리","개군면 하자포리"
"개금동","개금동"
"개봉동","개봉동"
"개신동","개신동"
"개운동","개운동"
"개포동","개포동"
"거류면 당동리","거류면 당동리"
"거류면 신용리","거류면 신용리"
"거모동","거모동"
"거여동","거여동"
"거의동","거의동"
"거제동","거제동"
"거제면 동상리","거제면 동상리"
"거제면 서정리","거제면 서정리"
"거진읍 거진리","거진읍 거진리"
"거진읍 송포리","거진읍 송포리"
"거창읍 가지리","거창읍 가지리"
"거창읍 김천리","거창읍 김천리"
"거창읍 대동리","거창읍 대동리"
"거창읍 대평리","거창읍 대평리"
"거창읍 상림리","거창읍 상림리"
"거창읍 중앙리","거창읍 중앙리"
"건건동","건건동"
"건입동","건입동"
"건지동","건지동"
"건천읍 건천리","건천읍 건천리"
"건천읍 조전리","건천읍 조전리"
"건천읍 천포리","건천읍 천포리"
"걸포동","걸포동"
"검단동","검단동"
"검사동","검사동"
"검산동","검산동"
"검암동","검암동"
"견소동","견소동"
"견지동","견지동"
"경동1가","경동1가"
"경서동","경서동"
"경안동","경안동"
"경암동","경암동"
"경원동3가","경원동3가"
"경장동","경장동"
"경화동","경화동"
"계림동","계림동"
"계산동","계산동"
"계산동2가","계산동2가"
"계양동","계양동"
"고강동","고강동"
"고경면 단포리","고경면 단포리"
"고담동","고담동"
"고대면 용두리","고대면 용두리"
"고대면 진관리","고대면 진관리"
"고덕동","고덕동"
"고덕면 궁리","고덕면 궁리"
"고덕면 대천리","고덕면 대천리"
"고등동","고등동"
"고랑동","고랑동"
"고림동","고림동"
"고매동","고매동"
"고산면 읍내리","고산면 읍내리"
"고색동","고색동"
"고서면 동운리","고서면 동운리"
"고성동1가","고성동1가"
"고성동2가","고성동2가"
"고성동3가","고성동3가"
"고성읍 교사리","고성읍 교사리"
"고성읍 동외리","고성읍 동외리"
"고성읍 서외리","고성읍 서외리"
"고성읍 수남리","고성읍 수남리"
"고소동","고소동"
"고아읍 괴평리","고아읍 괴평리"
"고아읍 문성리","고아읍 문성리"
"고아읍 봉한리","고아읍 봉한리"
"고아읍 오로리","고아읍 오로리"
"고아읍 원호리","고아읍 원호리"
"고아읍 이례리","고아읍 이례리"
"고아읍 항곡리","고아읍 항곡리"
"고암동","고암동"
"고양동","고양동"
"고운동","고운동"
"고읍동","고읍동"
"고잔동","고잔동"
"고죽동","고죽동"
"고창읍 교촌리","고창읍 교촌리"
"고창읍 석교리","고창읍 석교리"
"고창읍 석정리","고창읍 석정리"
"고창읍 월곡리","고창읍 월곡리"
"고창읍 읍내리","고창읍 읍내리"
"고척동","고척동"
"고천동","고천동"
"고촌읍 신곡리","고촌읍 신곡리"
"고한읍 고한리","고한읍 고한리"
"고현동","고현동"
"고현면 이어리","고현면 이어리"
"고흥읍 남계리","고흥읍 남계리"
"고흥읍 등암리","고흥읍 등암리"
"고흥읍 서문리","고흥읍 서문리"
"고흥읍 옥하리","고흥읍 옥하리"
"고흥읍 행정리","고흥읍 행정리"
"고흥읍 호형리","고흥읍 호형리"
"곡반정동","곡반정동"
"곡성읍 읍내리","곡성읍 읍내리"
"곡성읍 학정리","곡성읍 학정리"
"곤양면 남문외리","곤양면 남문외리"
"곤양면 서정리","곤양면 서정리"
"곤양면 성내리","곤양면 성내리"
"곤양면 송전리","곤양면 송전리"
"곤지암읍 곤지암리","곤지암읍 곤지암리"
"곤지암읍 삼리","곤지암읍 삼리"
"공단동","공단동"
"공덕동","공덕동"
"공도읍 마정리","공도읍 마정리"
"공도읍 만정리","공도읍 만정리"
"공도읍 양기리","공도읍 양기리"
"공도읍 용두리","공도읍 용두리"
"공도읍 진사리","공도읍 진사리"
"공릉동","공릉동"
"공세동","공세동"
"공촌동","공촌동"
"공평동","공평동"
"공항동","공항동"
"공화동","공화동"
"관고동","관고동"
"관교동","관교동"
"관동3가","관동3가"
"관동동","관동동"
"관산동","관산동"
"관산읍 남송리","관산읍 남송리"
"관설동","관설동"
"관양동","관양동"
"관음동","관음동"
"관저동","관저동"
"관촌면 관촌리","관촌면 관촌리"
"관평동","관평동"
"광도면 안정리","광도면 안정리"
"광도면 죽림리","광도면 죽림리"
"광도면 황리","광도면 황리"
"광동2가","광동2가"
"광명동","광명동"
"광무동","광무동"
"광사동","광사동"
"광안동","광안동"
"광암동","광암동"
"광양읍 구산리","광양읍 구산리"
"광양읍 덕례리","광양읍 덕례리"
"광양읍 목성리","광양읍 목성리"
"광양읍 용강리","광양읍 용강리"
"광양읍 우산리","광양읍 우산리"
"광양읍 인서리","광양읍 인서리"
"광양읍 칠성리","광양읍 칠성리"
"광영동","광영동"
"광장동","광장동"
"광적면 가납리","광적면 가납리"
"광적면 광석리","광적면 광석리"
"광천동","광천동"
"광천읍 광천리","광천읍 광천리"
"광천읍 신진리","광천읍 신진리"
"광탄면 신산리","광탄면 신산리"
"광평동","광평동"
"광혜원면 광혜원리","광혜원면 광혜원리"
"광혜원면 죽현리","광혜원면 죽현리"
"광화동","광화동"
"괘법동","괘법동"
"괴산읍 대사리","괴산읍 대사리"
"괴산읍 동부리","괴산읍 동부리"
"괴산읍 서부리","괴산읍 서부리"
"괴안동","괴안동"
"괴전동","괴전동"
"괴정동","괴정동"
"교남동","교남동"
"교동","교동"
"교문동","교문동"
"교방동","교방동"
"교북동","교북동"
"교원동","교원동"
"교촌동","교촌동"
"교현동","교현동"
"구갈동","구갈동"
"구기동","구기동"
"구래동","구래동"
"구례읍 백련리","구례읍 백련리"
"구례읍 봉동리","구례읍 봉동리"
"구례읍 봉북리","구례읍 봉북리"
"구례읍 봉서리","구례읍 봉서리"
"구로동","구로동"
"구룡동","구룡동"
"구룡포읍 구룡포리","구룡포읍 구룡포리"
"구룡포읍 눌태리","구룡포읍 눌태리"
"구룡포읍 병포리","구룡포읍 병포리"
"구미동","구미동"
"구산동","구산동"
"구산면 수정리","구산면 수정리"
"구서동","구서동"
"구성동","구성동"
"구수동","구수동"
"구암동","구암동"
"구운동","구운동"
"구월동","구월동"
"구의동","구의동"
"구정동","구정동"
"구좌읍 세화리","구좌읍 세화리"
"구지면 응암리","구지면 응암리"
"구평동","구평동"
"구포동","구포동"
"구항면 마온리","구항면 마온리"
"구항면 오봉리","구항면 오봉리"
"국동","국동"
"국우동","국우동"
"군동면 호계리","군동면 호계리"
"군문동","군문동"
"군북면 중암리","군북면 중암리"
"군서면 도갑리","군서면 도갑리"
"군서면 동구림리","군서면 동구림리"
"군위읍 동부리","군위읍 동부리"
"군위읍 서부리","군위읍 서부리"
"군자동","군자동"
"궁동","궁동"
"궁촌동","궁촌동"
"권곡동","권곡동"
"권선동","권선동"
"궐동","궐동"
"규암면 규암리","규암면 규암리"
"규암면 반산리","규암면 반산리"
"규암면 석우리","규암면 석우리"
"규암면 외리","규암면 외리"
"규암면 합송리","규암면 합송리"
"귤현동","귤현동"
"근남면 노음리","근남면 노음리"
"근덕면 교가리","근덕면 교가리"
"근화동","근화동"
"근흥면 정죽리","근흥면 정죽리"
"금가면 도촌리","금가면 도촌리"
"금강동","금강동"
"금계동","금계동"
"금곡동","금곡동"
"금광동","금광동"
"금광면 신양복리","금광면 신양복리"
"금구면 금구리","금구면 금구리"
"금남로2가","금남로2가"
"금남로3가","금남로3가"
"금남로5가","금남로5가"
"금남면 계천리","금남면 계천리"
"금남면 용포리","금남면 용포리"
"금동","금동"
"금릉동","금릉동"
"금마면 동고도리","금마면 동고도리"
"금마면 서고도리","금마면 서고도리"
"금마면 죽림리","금마면 죽림리"
"금붕동","금붕동"
"금사동","금사동"
"금산동","금산동"
"금산면 성계리","금산면 성계리"
"금산면 장사리","금산면 장사리"
"금산면 중천리","금산면 중천리"
"금산읍 상리","금산읍 상리"
"금산읍 상옥리","금산읍 상옥리"
"금산읍 아인리","금산읍 아인리"
"금산읍 중도리","금산읍 중도리"
"금산읍 하옥리","금산읍 하옥리"
"금서면 매촌리","금서면 매촌리"
"금석동","금석동"
"금성동","금성동"
"금성면 갈사리","금성면 갈사리"
"금암동","금암동"
"금오동","금오동"
"금왕읍 금석리","금왕읍 금석리"
"금왕읍 내송리","금왕읍 내송리"
"금왕읍 무극리","금왕읍 무극리"
"금왕읍 본대리","금왕읍 본대리"
"금왕읍 오선리","금왕읍 오선리"
"금정동","금정동"
"금천동","금천동"
"금천면 오강리","금천면 오강리"
"금천면 원곡리","금천면 원곡리"
"금촌동","금촌동"
"금학동","금학동"
"금호동","금호동"
"금호동1가","금호동1가"
"금호동2가","금호동2가"
"금호동3가","금호동3가"
"금호동4가","금호동4가"
"금호읍 교대리","금호읍 교대리"
"금호읍 냉천리","금호읍 냉천리"
"금호읍 덕성리","금호읍 덕성리"
"금호읍 원제리","금호읍 원제리"
"금화동","금화동"
"금흥동","금흥동"
"기린면 현리","기린면 현리"
"기산동","기산동"
"기산면 죽전리","기산면 죽전리"
"기성면 구산리","기성면 구산리"
"기안동","기안동"
"기장읍 교리","기장읍 교리"
"기장읍 내리","기장읍 내리"
"기장읍 대라리","기장읍 대라리"
"기장읍 대변리","기장읍 대변리"
"기장읍 동부리","기장읍 동부리"
"기장읍 서부리","기장읍 서부리"
"기장읍 청강리","기장읍 청강리"
"길동","길동"
"길상면 온수리","길상면 온수리"
"길음동","길음동"
"김량장동","김량장동"
"나성동","나성동"
"나운동","나운동"
"낙민동","낙민동"
"낙양동","낙양동"
"낙원동","낙원동"
"남가좌동","남가좌동"
"남교동","남교동"
"남내동","남내동"
"남노송동","남노송동"
"남대문로5가","남대문로5가"
"남동","남동"
"남면 무릉리","남면 무릉리"
"남면 문곡리","남면 문곡리"
"남면 신남리","남면 신남리"
"남면 신산리","남면 신산리"
"남면 양덕원리","남면 양덕원리"
"남문동","남문동"
"남문로1가","남문로1가"
"남문로1가동","남문로1가동"
"남부동","남부동"
"남부민동","남부민동"
"남산동","남산동"
"남산동2가","남산동2가"
"남산면 창촌리","남산면 창촌리"
"남선면 이천리","남선면 이천리"
"남성동","남성동"
"남양동","남양동"
"남양읍 남양리","남양읍 남양리"
"남양읍 무송리","남양읍 무송리"
"남양읍 신남리","남양읍 신남리"
"남외동","남외동"
"남원읍 남원리","남원읍 남원리"
"남원읍 위미리","남원읍 위미리"
"남이면 가마리","남이면 가마리"
"남이면 척북리","남이면 척북리"
"남일면 효촌리","남일면 효촌리"
"남정동","남정동"
"남주동","남주동"
"남중동","남중동"
"남지읍 남지리","남지읍 남지리"
"남지읍 마산리","남지읍 마산리"
"남창동","남창동"
"남천동","남천동"
"남촌동","남촌동"
"남통동","남통동"
"남평읍 교원리","남평읍 교원리"
"남평읍 남평리","남평읍 남평리"
"남평읍 대교리","남평읍 대교리"
"남평읍 동사리","남평읍 동사리"
"남평읍 서산리","남평읍 서산리"
"남항동1가","남항동1가"
"남항동2가","남항동2가"
"남항동3가","남항동3가"
"남해읍 남변리","남해읍 남변리"
"남해읍 북변리","남해읍 북변리"
"남해읍 서변리","남해읍 서변리"
"남해읍 아산리","남해읍 아산리"
"남해읍 차산리","남해읍 차산리"
"남현동","남현동"
"낭산면 용기리","낭산면 용기리"
"낭월동","낭월동"
"내곡동","내곡동"
"내당동","내당동"
"내덕동","내덕동"
"내동","내동"
"내동면 독산리","내동면 독산리"
"내발산동","내발산동"
"내방동","내방동"
"내삼미동","내삼미동"
"내서읍 삼계리","내서읍 삼계리"
"내서읍 상곡리","내서읍 상곡리"
"내서읍 원계리","내서읍 원계리"
"내서읍 중리","내서읍 중리"
"내서읍 호계리","내서읍 호계리"
"내손동","내손동"
"내수동","내수동"
"내수읍 내수리","내수읍 내수리"
"내수읍 도원리","내수읍 도원리"
"내수읍 마산리","내수읍 마산리"
"내수읍 우산리","내수읍 우산리"
"내수읍 은곡리","내수읍 은곡리"
"내이동","내이동"
"내일동","내일동"
"내척동","내척동"
"냉림동","냉림동"
"냉천동","냉천동"
"노고산동","노고산동"
"노대동","노대동"
"노량진동","노량진동"
"노변동","노변동"
"노서동","노서동"
"노암동","노암동"
"노원동1가","노원동1가"
"노원동2가","노원동2가"
"노원동3가","노원동3가"
"노은동","노은동"
"노하동","노하동"
"노형동","노형동"
"녹번동","녹번동"
"녹산동","녹산동"
"녹양동","녹양동"
"논곡동","논곡동"
"논공읍 남리","논공읍 남리"
"논공읍 북리","논공읍 북리"
"논현동","논현동"
"농성동","농성동"
"농소동","농소동"
"누상동","누상동"
"누읍동","누읍동"
"능곡동","능곡동"
"능동","능동"
"능서면 신지리","능서면 신지리"
"능주면 잠정리","능주면 잠정리"
"능포동","능포동"
"다가동","다가동"
"다가동1가","다가동1가"
"다가동2가","다가동2가"
"다대동","다대동"
"다방동","다방동"
"다사읍 매곡리","다사읍 매곡리"
"다사읍 서재리","다사읍 서재리"
"다사읍 세천리","다사읍 세천리"
"다사읍 죽곡리","다사읍 죽곡리"
"다산면 상곡리","다산면 상곡리"
"다산면 평리리","다산면 평리리"
"다수동","다수동"
"다시면 영동리","다시면 영동리"
"다시면 월태리","다시면 월태리"
"다운동","다운동"
"다율동","다율동"
"단계동","단계동"
"단구동","단구동"
"단대동","단대동"
"단봉동","단봉동"
"단성면 성내리","단성면 성내리"
"단양읍 도전리","단양읍 도전리"
"단양읍 별곡리","단양읍 별곡리"
"단양읍 상진리","단양읍 상진리"
"달동","달동"
"달성동","달성동"
"달천동","달천동"
"담양읍 백동리","담양읍 백동리"
"담양읍 지침리","담양읍 지침리"
"담양읍 천변리","담양읍 천변리"
"답동","답동"
"답십리동","답십리동"
"당감동","당감동"
"당동","당동"
"당리동","당리동"
"당북동","당북동"
"당산동","당산동"
"당산동1가","당산동1가"
"당산동2가","당산동2가"
"당산동3가","당산동3가"
"당산동4가","당산동4가"
"당산동5가","당산동5가"
"당산동6가","당산동6가"
"당수동","당수동"
"당왕동","당왕동"
"당저동","당저동"
"당정동","당정동"
"당주동","당주동"
"당하동","당하동"
"대가야읍 고아리","대가야읍 고아리"
"대가야읍 연조리","대가야읍 연조리"
"대가야읍 장기리","대가야읍 장기리"
"대가야읍 지산리","대가야읍 지산리"
"대가야읍 쾌빈리","대가야읍 쾌빈리"
"대곡동","대곡동"
"대곡면 광석리","대곡면 광석리"
"대관령면 용산리","대관령면 용산리"
"대관령면 차항리","대관령면 차항리"
"대관령면 횡계리","대관령면 횡계리"
"대교동","대교동"
"대교동1가","대교동1가"
"대교동2가","대교동2가"
"대내동","대내동"
"대덕동","대덕동"
"대덕면 건지리","대덕면 건지리"
"대덕면 내리","대덕면 내리"
"대덕면 신령리","대덕면 신령리"
"대덕면 진현리","대덕면 진현리"
"대덕읍 신월리","대덕읍 신월리"
"대도동","대도동"
"대동","대동"
"대림동","대림동"
"대명동","대명동"
"대방동","대방동"
"대봉동","대봉동"
"대사동","대사동"
"대산면 가술리","대산면 가술리"
"대산면 구혜리","대산면 구혜리"
"대산면 매산리","대산면 매산리"
"대산읍 대산리","대산읍 대산리"
"대산읍 영탑리","대산읍 영탑리"
"대성동","대성동"
"대성동1가","대성동1가"
"대성동2가","대성동2가"
"대소면 대풍리","대소면 대풍리"
"대소면 부윤리","대소면 부윤리"
"대소면 삼정리","대소면 삼정리"
"대소면 소석리","대소면 소석리"
"대소면 오류리","대소면 오류리"
"대소면 오산리","대소면 오산리"
"대소면 태생리","대소면 태생리"
"대소원면 대소리","대소원면 대소리"
"대소원면 만정리","대소원면 만정리"
"대소원면 본리","대소원면 본리"
"대송면 제내리","대송면 제내리"
"대신동","대신동"
"대안동","대안동"
"대야동","대야동"
"대야면 산월리","대야면 산월리"
"대야면 지경리","대야면 지경리"
"대야미동","대야미동"
"대양동","대양동"
"대연동","대연동"
"대외동","대외동"
"대원동","대원동"
"대월면 사동리","대월면 사동리"
"대월면 초지리","대월면 초지리"
"대의동2가","대의동2가"
"대의동3가","대의동3가"
"대잠동","대잠동"
"대저1동","대저1동"
"대정동","대정동"
"대정읍 상모리","대정읍 상모리"
"대정읍 하모리","대정읍 하모리"
"대조동","대조동"
"대죽동","대죽동"
"대지면 효정리","대지면 효정리"
"대진동","대진동"
"대창동","대창동"
"대창동1가","대창동1가"
"대천동","대천동"
"대청동","대청동"
"대청동1가","대청동1가"
"대청동2가","대청동2가"
"대청동4가","대청동4가"
"대치동","대치동"
"대평동","대평동"
"대평동1가","대평동1가"
"대포동","대포동"
"대현동","대현동"
"대호동","대호동"
"대화동","대화동"
"대화면 대화리","대화면 대화리"
"대흥동","대흥동"
"덕계동","덕계동"
"덕곡동","덕곡동"
"덕명동","덕명동"
"덕산면 두촌리","덕산면 두촌리"
"덕산면 시량리","덕산면 시량리"
"덕산면 옥계리","덕산면 옥계리"
"덕산면 용몽리","덕산면 용몽리"
"덕산면 읍내리","덕산면 읍내리"
"덕산면 합목리","덕산면 합목리"
"덕암동","덕암동"
"덕월동","덕월동"
"덕은동","덕은동"
"덕이동","덕이동"
"덕정동","덕정동"
"덕진동1가","덕진동1가"
"덕진동2가","덕진동2가"
"덕천동","덕천동"
"덕충동","덕충동"
"덕포동","덕포동"
"덕풍동","덕풍동"
"도계동","도계동"
"도계읍 도계리","도계읍 도계리"
"도계읍 전두리","도계읍 전두리"
"도고면 신언리","도고면 신언리"
"도곡동","도곡동"
"도남동","도남동"
"도내동","도내동"
"도농동","도농동"
"도담동","도담동"
"도당동","도당동"
"도동","도동"
"도두일동","도두일동"
"도량동","도량동"
"도련이동","도련이동"
"도련일동","도련일동"
"도룡동","도룡동"
"도림동","도림동"
"도마동","도마동"
"도봉동","도봉동"
"도산동","도산동"
"도선동","도선동"
"도안동","도안동"
"도안면 석곡리","도안면 석곡리"
"도안면 화성리","도안면 화성리"
"도양읍 봉암리","도양읍 봉암리"
"도원동","도원동"
"도지동","도지동"
"도창동","도창동"
"도척면 진우리","도척면 진우리"
"도천동","도천동"
"도천면 송진리","도천면 송진리"
"도촌동","도촌동"
"도통동","도통동"
"도화동","도화동"
"도화면 당오리","도화면 당오리"
"독곡동","독곡동"
"독산동","독산동"
"돈암동","돈암동"
"돌산읍 우두리","돌산읍 우두리"
"동광동5가","동광동5가"
"동교동","동교동"
"동금동","동금동"
"동내면 거두리","동내면 거두리"
"동내면 신촌리","동내면 신촌리"
"동내면 학곡리","동내면 학곡리"
"동대동","동대동"
"동대신동1가","동대신동1가"
"동대신동2가","동대신동2가"
"동대신동3가","동대신동3가"
"동동","동동"
"동두천동","동두천동"
"동림동","동림동"
"동면 금산리","동면 금산리"
"동면 만천리","동면 만천리"
"동면 석산리","동면 석산리"
"동면 장학리","동면 장학리"
"동면 지내리","동면 지내리"
"동명동","동명동"
"동명면 금암리","동명면 금암리"
"동문동","동문동"
"동방동","동방동"
"동백동","동백동"
"동변동","동변동"
"동본동","동본동"
"동부동","동부동"
"동빈1가","동빈1가"
"동빙고동","동빙고동"
"동삭동","동삭동"
"동산동","동산동"
"동삼동","동삼동"
"동상동","동상동"
"동서학동","동서학동"
"동선동1가","동선동1가"
"동선동3가","동선동3가"
"동선동4가","동선동4가"
"동선동5가","동선동5가"
"동성동","동성동"
"동소문동4가","동소문동4가"
"동소문동5가","동소문동5가"
"동소문동6가","동소문동6가"
"동소문동7가","동소문동7가"
"동송읍 오덕리","동송읍 오덕리"
"동송읍 이평리","동송읍 이평리"
"동숭동","동숭동"
"동양동","동양동"
"동완산동","동완산동"
"동외동","동외동"
"동읍 무성리","동읍 무성리"
"동읍 송정리","동읍 송정리"
"동읍 신방리","동읍 신방리"
"동읍 용잠리","동읍 용잠리"
"동읍 용정리","동읍 용정리"
"동인동1가","동인동1가"
"동인동3가","동인동3가"
"동인동4가","동인동4가"
"동자동","동자동"
"동작동","동작동"
"동점동","동점동"
"동정동","동정동"
"동천동","동천동"
"동춘동","동춘동"
"동충동","동충동"
"동탄면 목리","동탄면 목리"
"동탄면 송리","동탄면 송리"
"동패동","동패동"
"동해면 도구리","동해면 도구리"
"동해면 석리","동해면 석리"
"동해면 신정리","동해면 신정리"
"동해면 약전리","동해면 약전리"
"동현동","동현동"
"동호동","동호동"
"동홍동","동홍동"
"동화면 남평리","동화면 남평리"
"동회동","동회동"
"동흥남동","동흥남동"
"두동","두동"
"두동면 봉계리","두동면 봉계리"
"두류동","두류동"
"두마면 두계리","두마면 두계리"
"두산동","두산동"
"두암동","두암동"
"두월동2가","두월동2가"
"두정동","두정동"
"두호동","두호동"
"둔내면 둔방내리","둔내면 둔방내리"
"둔내면 자포곡리","둔내면 자포곡리"
"둔덕동","둔덕동"
"둔산동","둔산동"
"둔촌동","둔촌동"
"둔포면 둔포리","둔포면 둔포리"
"둔포면 석곡리","둔포면 석곡리"
"둔포면 송용리","둔포면 송용리"
"득량동","득량동"
"득산동","득산동"
"등촌동","등촌동"
"마곡동","마곡동"
"마달동","마달동"
"마도면 두곡리","마도면 두곡리"
"마동","마동"
"마두동","마두동"
"마량면 마량리","마량면 마량리"
"마로면 관기리","마로면 관기리"
"마륵동","마륵동"
"마북동","마북동"
"마산동","마산동"
"마서면 덕암리","마서면 덕암리"
"마장동","마장동"
"마장면 덕평리","마장면 덕평리"
"마장면 오천리","마장면 오천리"
"마전동","마전동"
"마천동","마천동"
"마평동","마평동"
"마포동","마포동"
"만경읍 만경리","만경읍 만경리"
"만경읍 몽산리","만경읍 몽산리"
"만년동","만년동"
"만덕동","만덕동"
"만리동1가","만리동1가"
"만리동2가","만리동2가"
"만석동","만석동"
"만송동","만송동"
"만수동","만수동"
"만촌동","만촌동"
"망경동","망경동"
"망미동","망미동"
"망우동","망우동"
"망운면 목서리","망운면 목서리"
"망원동","망원동"
"망월동","망월동"
"망정동","망정동"
"망포동","망포동"
"매곡동","매곡동"
"매교동","매교동"
"매산로1가","매산로1가"
"매산로2가","매산로2가"
"매산로3가","매산로3가"
"매송면 원평리","매송면 원평리"
"매송면 천천리","매송면 천천리"
"매암동","매암동"
"매월동","매월동"
"매천동","매천동"
"매탄동","매탄동"
"매포읍 평동리","매포읍 평동리"
"매호동","매호동"
"매화동","매화동"
"맹동면 동성리","맹동면 동성리"
"맹동면 용촌리","맹동면 용촌리"
"멱곡동","멱곡동"
"면목동","면목동"
"명동","명동"
"명륜1가","명륜1가"
"명륜2가","명륜2가"
"명륜3가","명륜3가"
"명륜동","명륜동"
"명서동","명서동"
"명석면 우수리","명석면 우수리"
"명일동","명일동"
"명장동","명장동"
"명정동","명정동"
"명지동","명지동"
"명천동","명천동"
"명촌동","명촌동"
"모라동","모라동"
"모산동","모산동"
"모암동","모암동"
"모전동","모전동"
"모종동","모종동"
"모충동","모충동"
"모현동1가","모현동1가"
"모현동2가","모현동2가"
"모현면 왕산리","모현면 왕산리"
"모현면 일산리","모현면 일산리"
"모현면 초부리","모현면 초부리"
"목감동","목감동"
"목동","목동"
"목동동","목동동"
"목상동","목상동"
"목천동","목천동"
"목천읍 삼성리","목천읍 삼성리"
"목천읍 서리","목천읍 서리"
"목천읍 신계리","목천읍 신계리"
"목천읍 운전리","목천읍 운전리"
"목천읍 응원리","목천읍 응원리"
"목행동","목행동"
"목현동","목현동"
"무거동","무거동"
"무계동","무계동"
"무실동","무실동"
"무악동","무악동"
"무안동","무안동"
"무안면 무안리","무안면 무안리"
"무안읍 교촌리","무안읍 교촌리"
"무안읍 성남리","무안읍 성남리"
"무안읍 성동리","무안읍 성동리"
"무양동","무양동"
"무전동","무전동"
"무주읍 당산리","무주읍 당산리"
"무주읍 읍내리","무주읍 읍내리"
"묵동","묵동"
"묵정동","묵정동"
"묵호진동","묵호진동"
"문경읍 교촌리","문경읍 교촌리"
"문경읍 상리","문경읍 상리"
"문경읍 하리","문경읍 하리"
"문곡동","문곡동"
"문내동","문내동"
"문내면 동외리","문내면 동외리"
"문동동","문동동"
"문래동2가","문래동2가"
"문래동3가","문래동3가"
"문래동4가","문래동4가"
"문래동5가","문래동5가"
"문래동6가","문래동6가"
"문막읍 건등리","문막읍 건등리"
"문막읍 동화리","문막읍 동화리"
"문막읍 반계리","문막읍 반계리"
"문막읍 포진리","문막읍 포진리"
"문발동","문발동"
"문배동","문배동"
"문백면 봉죽리","문백면 봉죽리"
"문산읍 당동리","문산읍 당동리"
"문산읍 문산리","문산읍 문산리"
"문산읍 삼곡리","문산읍 삼곡리"
"문산읍 선유리","문산읍 선유리"
"문산읍 소문리","문산읍 소문리"
"문수동","문수동"
"문외동","문외동"
"문정동","문정동"
"문지동","문지동"
"문창동","문창동"
"문학동","문학동"
"문현동","문현동"
"문화동","문화동"
"문흥동","문흥동"
"물금읍 가촌리","물금읍 가촌리"
"물금읍 물금리","물금읍 물금리"
"물금읍 범어리","물금읍 범어리"
"미근동","미근동"
"미룡동","미룡동"
"미산동","미산동"
"미수동","미수동"
"미아동","미아동"
"미암면 채지리","미암면 채지리"
"미양면 보체리","미양면 보체리"
"미양면 양변리","미양면 양변리"
"미원면 미원리","미원면 미원리"
"미장동","미장동"
"미조면 미조리","미조면 미조리"
"미탄면 창리","미탄면 창리"
"미평동","미평동"
"민락동","민락동"
"박달동","박달동"
"박촌동","박촌동"
"반곡동","반곡동"
"반구동","반구동"
"반림동","반림동"
"반석동","반석동"
"반송동","반송동"
"반여동","반여동"
"반월동","반월동"
"반지동","반지동"
"반포동","반포동"
"발한동","발한동"
"방림동","방림동"
"방배동","방배동"
"방서동","방서동"
"방어동","방어동"
"방이동","방이동"
"방촌동","방촌동"
"방축동","방축동"
"방학동","방학동"
"방화동","방화동"
"배미동","배미동"
"배방읍 갈매리","배방읍 갈매리"
"배방읍 공수리","배방읍 공수리"
"배방읍 북수리","배방읍 북수리"
"배방읍 세교리","배방읍 세교리"
"배방읍 장재리","배방읍 장재리"
"배방읍 회룡리","배방읍 회룡리"
"배방읍 휴대리","배방읍 휴대리"
"백곡면 석현리","백곡면 석현리"
"백사면 모전리","백사면 모전리"
"백사면 조읍리","백사면 조읍리"
"백석동","백석동"
"백석읍 가업리","백석읍 가업리"
"백석읍 방성리","백석읍 방성리"
"백석읍 복지리","백석읍 복지리"
"백석읍 오산리","백석읍 오산리"
"백암면 근창리","백암면 근창리"
"백옥동","백옥동"
"백운동","백운동"
"백천동","백천동"
"백현동","백현동"
"번동","번동"
"벌교읍 벌교리","벌교읍 벌교리"
"벌교읍 장좌리","벌교읍 장좌리"
"벌교읍 회정리","벌교읍 회정리"
"벌리동","벌리동"
"범물동","범물동"
"범박동","범박동"
"범서읍 구영리","범서읍 구영리"
"범서읍 굴화리","범서읍 굴화리"
"범서읍 천상리","범서읍 천상리"
"범어동","범어동"
"범일동","범일동"
"범전동","범전동"
"범천동","범천동"
"법곡동","법곡동"
"법동","법동"
"법상동","법상동"
"법성면 법성리","법성면 법성리"
"법수면 윤외리","법수면 윤외리"
"법원읍 가야리","법원읍 가야리"
"법원읍 법원리","법원읍 법원리"
"법환동","법환동"
"법흥동","법흥동"
"변동","변동"
"변산면 격포리","변산면 격포리"
"변산면 지서리","변산면 지서리"
"별내동","별내동"
"별내면 청학리","별내면 청학리"
"별양동","별양동"
"병방동","병방동"
"병영면 성남리","병영면 성남리"
"병점동","병점동"
"병천면 가전리","병천면 가전리"
"병천면 병천리","병천면 병천리"
"병천면 탑원리","병천면 탑원리"
"보개면 기좌리","보개면 기좌리"
"보광동","보광동"
"보라동","보라동"
"보람동","보람동"
"보목동","보목동"
"보문동2가","보문동2가"
"보문동3가","보문동3가"
"보문동4가","보문동4가"
"보문동6가","보문동6가"
"보산동","보산동"
"보성읍 보성리","보성읍 보성리"
"보성읍 우산리","보성읍 우산리"
"보성읍 원봉리","보성읍 원봉리"
"보수동1가","보수동1가"
"보수동2가","보수동2가"
"보수동3가","보수동3가"
"보은읍 교사리","보은읍 교사리"
"보은읍 삼산리","보은읍 삼산리"
"보은읍 이평리","보은읍 이평리"
"보은읍 장신리","보은읍 장신리"
"보은읍 죽전리","보은읍 죽전리"
"보정동","보정동"
"복대동","복대동"
"복룡동","복룡동"
"복산동","복산동"
"복수동","복수동"
"복수면 용진리","복수면 용진리"
"복천동","복천동"
"복현동","복현동"
"본동","본동"
"본리동","본리동"
"본오동","본오동"
"본촌동","본촌동"
"봉강동","봉강동"
"봉개동","봉개동"
"봉계동","봉계동"
"봉곡동","봉곡동"
"봉담읍 동화리","봉담읍 동화리"
"봉담읍 상리","봉담읍 상리"
"봉담읍 수기리","봉담읍 수기리"
"봉담읍 수영리","봉담읍 수영리"
"봉담읍 와우리","봉담읍 와우리"
"봉담읍 유리","봉담읍 유리"
"봉덕동","봉덕동"
"봉동","봉동"
"봉동읍 낙평리","봉동읍 낙평리"
"봉동읍 둔산리","봉동읍 둔산리"
"봉동읍 신성리","봉동읍 신성리"
"봉동읍 장기리","봉동읍 장기리"
"봉동읍 제내리","봉동읍 제내리"
"봉래동1가","봉래동1가"
"봉래동2가","봉래동2가"
"봉래동3가","봉래동3가"
"봉래동4가","봉래동4가"
"봉래동5가","봉래동5가"
"봉림동","봉림동"
"봉명동","봉명동"
"봉무동","봉무동"
"봉방동","봉방동"
"봉산동","봉산동"
"봉산면 대지리","봉산면 대지리"
"봉선동","봉선동"
"봉암동","봉암동"
"봉양면 화전리","봉양면 화전리"
"봉양읍 미당리","봉양읍 미당리"
"봉양읍 주포리","봉양읍 주포리"
"봉의동","봉의동"
"봉천동","봉천동"
"봉평동","봉평동"
"봉평면 무이리","봉평면 무이리"
"봉평면 창동리","봉평면 창동리"
"봉현면 오현리","봉현면 오현리"
"봉화읍 내성리","봉화읍 내성리"
"봉황동","봉황동"
"봉황면 죽석리","봉황면 죽석리"
"부강면 부강리","부강면 부강리"
"부개동","부개동"
"부곡동","부곡동"
"부곡면 부곡리","부곡면 부곡리"
"부림동","부림동"
"부림면 신반리","부림면 신반리"
"부민동1가","부민동1가"
"부민동3가","부민동3가"
"부발읍 가산리","부발읍 가산리"
"부발읍 마암리","부발읍 마암리"
"부발읍 무촌리","부발읍 무촌리"
"부발읍 신원리","부발읍 신원리"
"부발읍 신하리","부발읍 신하리"
"부발읍 아미리","부발읍 아미리"
"부발읍 응암리","부발읍 응암리"
"부북면 전사포리","부북면 전사포리"
"부사동","부사동"
"부산동","부산동"
"부송동","부송동"
"부안읍 동중리","부안읍 동중리"
"부안읍 봉덕리","부안읍 봉덕리"
"부안읍 서외리","부안읍 서외리"
"부안읍 선은리","부안읍 선은리"
"부암동","부암동"
"부여읍 구아리","부여읍 구아리"
"부여읍 동남리","부여읍 동남리"
"부여읍 쌍북리","부여읍 쌍북리"
"부용동1가","부용동1가"
"부원동","부원동"
"부전동","부전동"
"부창동","부창동"
"부평동","부평동"
"부평동2가","부평동2가"
"부평동4가","부평동4가"
"부흥동","부흥동"
"북가좌동","북가좌동"
"북교동","북교동"
"북동","북동"
"북면 감계리","북면 감계리"
"북면 나곡리","북면 나곡리"
"북면 내곡리","북면 내곡리"
"북면 동전리","북면 동전리"
"북면 무동리","북면 무동리"
"북면 부구리","북면 부구리"
"북면 상동리","북면 상동리"
"북면 신촌리","북면 신촌리"
"북면 연춘리","북면 연춘리"
"북면 원통리","북면 원통리"
"북면 화천리","북면 화천리"
"북면 화해리","북면 화해리"
"북문로2가","북문로2가"
"북문로2가동","북문로2가동"
"북문로3가","북문로3가"
"북문로3가동","북문로3가동"
"북변동","북변동"
"북부동","북부동"
"북삼읍 숭오리","북삼읍 숭오리"
"북삼읍 어로리","북삼읍 어로리"
"북삼읍 율리","북삼읍 율리"
"북삼읍 인평리","북삼읍 인평리"
"북성동1가","북성동1가"
"북성동2가","북성동2가"
"북성동3가","북성동3가"
"북신동","북신동"
"북아현동","북아현동"
"북안면 임포리","북안면 임포리"
"북정동","북정동"
"북평동","북평동"
"북평면 남창리","북평면 남창리"
"분당동","분당동"
"분평동","분평동"
"불광동","불광동"
"불당동","불당동"
"불로동","불로동"
"불정면 목도리","불정면 목도리"
"비래동","비래동"
"비봉면 삼화리","비봉면 삼화리"
"비봉면 양노리","비봉면 양노리"
"비산동","비산동"
"비아동","비아동"
"비인면 성내리","비인면 성내리"
"비전동","비전동"
"비하동","비하동"
"빛가람동","빛가람동"
"사곡동","사곡동"
"사근동","사근동"
"사남면 월성리","사남면 월성리"
"사남면 화전리","사남면 화전리"
"사내면 사창리","사내면 사창리"
"사농동","사농동"
"사당동","사당동"
"사동","사동"
"사등면 덕호리","사등면 덕호리"
"사등면 사곡리","사등면 사곡리"
"사등면 성포리","사등면 성포리"
"사등면 지석리","사등면 지석리"
"사리현동","사리현동"
"사복동","사복동"
"사북읍 사북리","사북읍 사북리"
"사사동","사사동"
"사수동","사수동"
"사우동","사우동"
"사월동","사월동"
"사음동","사음동"
"사정동","사정동"
"사직동","사직동"
"사창동","사창동"
"사천동","사천동"
"사천읍 구암리","사천읍 구암리"
"사천읍 사주리","사천읍 사주리"
"사천읍 선인리","사천읍 선인리"
"사천읍 수석리","사천읍 수석리"
"사천읍 정의리","사천읍 정의리"
"사천읍 평화리","사천읍 평화리"
"사파동","사파동"
"산격동","산격동"
"산곡동","산곡동"
"산남동","산남동"
"산동면 신당리","산동면 신당리"
"산동면 원촌리","산동면 원촌리"
"산동면 인덕리","산동면 인덕리"
"산림동","산림동"
"산본동","산본동"
"산북동","산북동"
"산성동","산성동"
"산수동","산수동"
"산월동","산월동"
"산정동","산정동"
"산척면 송강리","산척면 송강리"
"산천동","산천동"
"산청읍 산청리","산청읍 산청리"
"산청읍 옥산리","산청읍 옥산리"
"산청읍 지리","산청읍 지리"
"산하동","산하동"
"산호동","산호동"
"삼가동","삼가동"
"삼가면 금리","삼가면 금리"
"삼각동","삼각동"
"삼계동","삼계동"
"삼계면 사창리","삼계면 사창리"
"삼계면 주산리","삼계면 주산리"
"삼남면 가천리","삼남면 가천리"
"삼남면 교동리","삼남면 교동리"
"삼남면 방기리","삼남면 방기리"
"삼덕동2가","삼덕동2가"
"삼덕동3가","삼덕동3가"
"삼도이동","삼도이동"
"삼도일동","삼도일동"
"삼동","삼동"
"삼동면 지족리","삼동면 지족리"
"삼락동","삼락동"
"삼랑진읍 검세리","삼랑진읍 검세리"
"삼랑진읍 삼랑리","삼랑진읍 삼랑리"
"삼랑진읍 송지리","삼랑진읍 송지리"
"삼례읍 삼례리","삼례읍 삼례리"
"삼례읍 후정리","삼례읍 후정리"
"삼문동","삼문동"
"삼방동","삼방동"
"삼북동","삼북동"
"삼산동","삼산동"
"삼선동2가","삼선동2가"
"삼선동3가","삼선동3가"
"삼선동4가","삼선동4가"
"삼선동5가","삼선동5가"
"삼성동","삼성동"
"삼성면 대정리","삼성면 대정리"
"삼성면 덕정리","삼성면 덕정리"
"삼성면 선정리","삼성면 선정리"
"삼송동","삼송동"
"삼숭동","삼숭동"
"삼양이동","삼양이동"
"삼양일동","삼양일동"
"삼영동","삼영동"
"삼전동","삼전동"
"삼정동","삼정동"
"삼천동1가","삼천동1가"
"삼평동","삼평동"
"삼풍동","삼풍동"
"삼학동","삼학동"
"삼향읍 남악리","삼향읍 남악리"
"삼호동","삼호동"
"삼호읍 용당리","삼호읍 용당리"
"삼호읍 용앙리","삼호읍 용앙리"
"삽교읍 두리","삽교읍 두리"
"삽교읍 신가리","삽교읍 신가리"
"상갈동","상갈동"
"상개동","상개동"
"상계동","상계동"
"상관면 신리","상관면 신리"
"상남동","상남동"
"상남면 예림리","상남면 예림리"
"상대동","상대동"
"상대원동","상대원동"
"상도1동","상도1동"
"상도동","상도동"
"상동","상동"
"상동동","상동동"
"상리면 척번정리","상리면 척번정리"
"상망동","상망동"
"상면 덕현리","상면 덕현리"
"상모동","상모동"
"상방동","상방동"
"상봉동","상봉동"
"상북면 궁근정리","상북면 궁근정리"
"상북면 대석리","상북면 대석리"
"상북면 석계리","상북면 석계리"
"상북면 소토리","상북면 소토리"
"상북면 천전리","상북면 천전리"
"상북면 향산리","상북면 향산리"
"상서동","상서동"
"상수동","상수동"
"상안동","상안동"
"상암동","상암동"
"상왕십리동","상왕십리동"
"상월곡동","상월곡동"
"상인동","상인동"
"상일동","상일동"
"상패동","상패동"
"상평동","상평동"
"상하동","상하동"
"상현동","상현동"
"새롬동","새롬동"
"생극면 신양리","생극면 신양리"
"생림면 봉림리","생림면 봉림리"
"생목동","생목동"
"생연동","생연동"
"서교동","서교동"
"서귀동","서귀동"
"서노송동","서노송동"
"서대신동1가","서대신동1가"
"서대신동2가","서대신동2가"
"서대신동3가","서대신동3가"
"서동","서동"
"서둔동","서둔동"
"서면 선평리","서면 선평리"
"서면 아화리","서면 아화리"
"서면 압곡리","서면 압곡리"
"서면 와수리","서면 와수리"
"서문동","서문동"
"서변동","서변동"
"서부동","서부동"
"서빙고동","서빙고동"
"서산동","서산동"
"서상동","서상동"
"서생면 서생리","서생면 서생리"
"서생면 진하리","서생면 진하리"
"서서학동","서서학동"
"서성동","서성동"
"서성로1가","서성로1가"
"서신동","서신동"
"서암동","서암동"
"서완산동2가","서완산동2가"
"서운동","서운동"
"서정동","서정동"
"서창동","서창동"
"서천동","서천동"
"서천읍 군사리","서천읍 군사리"
"서천읍 사곡리","서천읍 사곡리"
"서천읍 화금리","서천읍 화금리"
"서초동","서초동"
"서포면 구평리","서포면 구평리"
"서현동","서현동"
"서호동","서호동"
"서홍동","서홍동"
"서화면 천도리","서화면 천도리"
"서후면 명리","서후면 명리"
"서흥남동","서흥남동"
"석관동","석관동"
"석교동","석교동"
"석남동","석남동"
"석동","석동"
"석림동","석림동"
"석문면 삼봉리","석문면 삼봉리"
"석봉동","석봉동"
"석사동","석사동"
"석수동","석수동"
"석우동","석우동"
"석적읍 남율리","석적읍 남율리"
"석적읍 성곡리","석적읍 성곡리"
"석적읍 중리","석적읍 중리"
"석전동","석전동"
"석정동","석정동"
"석촌동","석촌동"
"석현동","석현동"
"선구동","선구동"
"선단동","선단동"
"선동","선동"
"선부동","선부동"
"선산읍 교리","선산읍 교리"
"선산읍 노상리","선산읍 노상리"
"선산읍 이문리","선산읍 이문리"
"선산읍 화조리","선산읍 화조리"
"선암동","선암동"
"선원동","선원동"
"선원면 창리","선원면 창리"
"선학동","선학동"
"선화동","선화동"
"설악동","설악동"
"설악면 선촌리","설악면 선촌리"
"설천면 소천리","설천면 소천리"
"성거읍 문덕리","성거읍 문덕리"
"성거읍 송남리","성거읍 송남리"
"성거읍 신월리","성거읍 신월리"
"성거읍 오목리","성거읍 오목리"
"성거읍 요방리","성거읍 요방리"
"성거읍 저리","성거읍 저리"
"성거읍 천흥리","성거읍 천흥리"
"성건동","성건동"
"성남동","성남동"
"성남면 석곡리","성남면 석곡리"
"성내동","성내동"
"성당동","성당동"
"성동동","성동동"
"성복동","성복동"
"성북동","성북동"
"성북동1가","성북동1가"
"성사동","성사동"
"성산동","성산동"
"성산면 도암리","성산면 도암리"
"성산면 둔덕리","성산면 둔덕리"
"성산읍 고성리","성산읍 고성리"
"성산읍 시흥리","성산읍 시흥리"
"성서동","성서동"
"성석동","성석동"
"성성동","성성동"
"성수동1가","성수동1가"
"성수동2가","성수동2가"
"성안동","성안동"
"성연면 왕정리","성연면 왕정리"
"성정동","성정동"
"성주동","성주동"
"성주면 성주리","성주면 성주리"
"성주읍 경산리","성주읍 경산리"
"성주읍 백전리","성주읍 백전리"
"성주읍 성산리","성주읍 성산리"
"성주읍 예산리","성주읍 예산리"
"성포동","성포동"
"성화동","성화동"
"성환읍 매주리","성환읍 매주리"
"성환읍 성월리","성환읍 성월리"
"성환읍 성환리","성환읍 성환리"
"성환읍 송덕리","성환읍 송덕리"
"성환읍 수향리","성환읍 수향리"
"성환읍 율금리","성환읍 율금리"
"성황동","성황동"
"세곡동","세곡동"
"세교동","세교동"
"세류동","세류동"
"소계동","소계동"
"소담동","소담동"
"소답동","소답동"
"소도동","소도동"
"소라면 덕양리","소라면 덕양리"
"소라면 죽림리","소라면 죽림리"
"소룡동","소룡동"
"소사동","소사동"
"소사본동","소사본동"
"소양로2가","소양로2가"
"소정면 운당리","소정면 운당리"
"소주동","소주동"
"소초면 장양리","소초면 장양리"
"소촌동","소촌동"
"소태동","소태동"
"소하동","소하동"
"소호동","소호동"
"소흘읍 송우리","소흘읍 송우리"
"소흘읍 이동교리","소흘읍 이동교리"
"소흘읍 초가팔리","소흘읍 초가팔리"
"속천동","속천동"
"손양면 하왕도리","손양면 하왕도리"
"송강동","송강동"
"송내동","송내동"
"송도동","송도동"
"송라면 화진리","송라면 화진리"
"송림동","송림동"
"송산동","송산동"
"송산면 금암리","송산면 금암리"
"송산면 매곡리","송산면 매곡리"
"송산면 사강리","송산면 사강리"
"송산면 유곡리","송산면 유곡리"
"송산면 육일리","송산면 육일리"
"송악읍 가학리","송악읍 가학리"
"송악읍 기지시리","송악읍 기지시리"
"송악읍 반촌리","송악읍 반촌리"
"송악읍 복운리","송악읍 복운리"
"송악읍 석포리","송악읍 석포리"
"송악읍 중흥리","송악읍 중흥리"
"송월동","송월동"
"송월동1가","송월동1가"
"송월동2가","송월동2가"
"송정동","송정동"
"송죽동","송죽동"
"송지면 산정리","송지면 산정리"
"송천동1가","송천동1가"
"송천동2가","송천동2가"
"송촌동","송촌동"
"송파동","송파동"
"송포동","송포동"
"송풍동","송풍동"
"송하동","송하동"
"송학동","송학동"
"송현동","송현동"
"쇄운동","쇄운동"
"수곡동","수곡동"
"수기동","수기동"
"수내동","수내동"
"수동","수동"
"수동면 화산리","수동면 화산리"
"수색동","수색동"
"수서동","수서동"
"수석동","수석동"
"수성동","수성동"
"수성동1가","수성동1가"
"수성동2가","수성동2가"
"수성동3가","수성동3가"
"수성동4가","수성동4가"
"수송동","수송동"
"수안동","수안동"
"수안보면 온천리","수안보면 온천리"
"수암동","수암동"
"수영동","수영동"
"수완동","수완동"
"수월동","수월동"
"수유동","수유동"
"수정동","수정동"
"수진동","수진동"
"수창동","수창동"
"수청동","수청동"
"수택동","수택동"
"숙천동","숙천동"
"순성면 봉소리","순성면 봉소리"
"순성면 중방리","순성면 중방리"
"순창읍 남계리","순창읍 남계리"
"순창읍 순화리","순창읍 순화리"
"순화동","순화동"
"숭의동","숭의동"
"숭인동","숭인동"
"시곡동","시곡동"
"시기동","시기동"
"시래동","시래동"
"시장북로","시장북로"
"시전동","시전동"
"시지동","시지동"
"시천면 사리","시천면 사리"
"시흥동","시흥동"
"식사동","식사동"
"신가동","신가동"
"신갈동","신갈동"
"신계동","신계동"
"신곡동","신곡동"
"신공덕동","신공덕동"
"신관동","신관동"
"신광면 토성리","신광면 토성리"
"신교동","신교동"
"신기동","신기동"
"신길동","신길동"
"신내동","신내동"
"신녕면 완전리","신녕면 완전리"
"신당동","신당동"
"신대동","신대동"
"신대방동","신대방동"
"신도림동","신도림동"
"신동","신동"
"신동읍 조동리","신동읍 조동리"
"신둔면 남정리","신둔면 남정리"
"신둔면 도봉리","신둔면 도봉리"
"신둔면 수광리","신둔면 수광리"
"신둔면 수하리","신둔면 수하리"
"신령면 완전리","신령면 완전리"
"신림동","신림동"
"신매동","신매동"
"신문동","신문동"
"신문로1가","신문로1가"
"신방동","신방동"
"신백동","신백동"
"신봉동","신봉동"
"신부동","신부동"
"신북면 가채리","신북면 가채리"
"신북면 계류리","신북면 계류리"
"신북면 기지리","신북면 기지리"
"신북면 월평리","신북면 월평리"
"신북읍 천전리","신북읍 천전리"
"신사동","신사동"
"신생동","신생동"
"신서동","신서동"
"신서면 도신리","신서면 도신리"
"신선동2가","신선동2가"
"신선동3가","신선동3가"
"신설동","신설동"
"신성동","신성동"
"신소현동","신소현동"
"신수동","신수동"
"신안동","신안동"
"신안면 하정리","신안면 하정리"
"신암동","신암동"
"신암면 두곡리","신암면 두곡리"
"신양면 대덕리","신양면 대덕리"
"신양면 신양리","신양면 신양리"
"신영동","신영동"
"신용동","신용동"
"신원동","신원동"
"신월동","신월동"
"신음동","신음동"
"신읍동","신읍동"
"신인동","신인동"
"신일동","신일동"
"신장동","신장동"
"신정동","신정동"
"신창동","신창동"
"신창동1가","신창동1가"
"신창동2가","신창동2가"
"신창면 남성리","신창면 남성리"
"신창면 신곡리","신창면 신곡리"
"신창면 읍내리","신창면 읍내리"
"신창면 행목리","신창면 행목리"
"신천동","신천동"
"신촌동","신촌동"
"신탄진동","신탄진동"
"신태인읍 신태인리","신태인읍 신태인리"
"신태인읍 연정리","신태인읍 연정리"
"신평동","신평동"
"신평면 거산리","신평면 거산리"
"신평면 금천리","신평면 금천리"
"신평면 운정리","신평면 운정리"
"신포동1가","신포동1가"
"신포동2가","신포동2가"
"신풍동","신풍동"
"신현동","신현동"
"신호동","신호동"
"신흑동","신흑동"
"신흥동","신흥동"
"신흥동1가","신흥동1가"
"신흥동2가","신흥동2가"
"신흥동3가","신흥동3가"
"실옥동","실옥동"
"심곡동","심곡동"
"심곡본동","심곡본동"
"심천면 초강리","심천면 초강리"
"십정동","십정동"
"쌍령동","쌍령동"
"쌍림면 고곡리","쌍림면 고곡리"
"쌍문동","쌍문동"
"쌍암동","쌍암동"
"쌍용동","쌍용동"
"쌍촌동","쌍촌동"
"아동동","아동동"
"아라일동","아라일동"
"아름동","아름동"
"아미동2가","아미동2가"
"아양동","아양동"
"아주동","아주동"
"아포읍 국사리","아포읍 국사리"
"아현동","아현동"
"안강읍 근계리","안강읍 근계리"
"안강읍 산대리","안강읍 산대리"
"안강읍 안강리","안강읍 안강리"
"안강읍 옥산리","안강읍 옥산리"
"안계면 용기리","안계면 용기리"
"안계면 토매리","안계면 토매리"
"안골동","안골동"
"안기동","안기동"
"안녕동","안녕동"
"안덕면 화순리","안덕면 화순리"
"안동","안동"
"안락동","안락동"
"안림동","안림동"
"안막동","안막동"
"안면읍 승언리","안면읍 승언리"
"안민동","안민동"
"안산동","안산동"
"안서동","안서동"
"안성면 사전리","안성면 사전리"
"안암동1가","안암동1가"
"안암동3가","안암동3가"
"안암동4가","안암동4가"
"안양동","안양동"
"안영동","안영동"
"안의면 금천리","안의면 금천리"
"안의면 당본리","안의면 당본리"
"안중읍 금곡리","안중읍 금곡리"
"안중읍 송담리","안중읍 송담리"
"안중읍 안중리","안중읍 안중리"
"안중읍 학현리","안중읍 학현리"
"안중읍 현화리","안중읍 현화리"
"안흥동","안흥동"
"암남동","암남동"
"암사동","암사동"
"압구정동","압구정동"
"압량면 부적리","압량면 부적리"
"압량면 신대리","압량면 신대리"
"압량면 인안리","압량면 인안리"
"앙성면 용대리","앙성면 용대리"
"앙성면 용포리","앙성면 용포리"
"애월읍 구엄리","애월읍 구엄리"
"애월읍 하귀1리","애월읍 하귀1리"
"애월읍 하귀2리","애월읍 하귀2리"
"야당동","야당동"
"야동동","야동동"
"야사동","야사동"
"야음동","야음동"
"야탑동","야탑동"
"약대동","약대동"
"약목면 관호리","약목면 관호리"
"약목면 동안리","약목면 동안리"
"약목면 복성리","약목면 복성리"
"약사동","약사동"
"양구읍 상리","양구읍 상리"
"양구읍 정림리","양구읍 정림리"
"양구읍 중리","양구읍 중리"
"양남면 나아리","양남면 나아리"
"양덕동","양덕동"
"양동","양동"
"양동면 쌍학리","양동면 쌍학리"
"양림동","양림동"
"양산동","양산동"
"양서면 양수리","양서면 양수리"
"양양읍 거마리","양양읍 거마리"
"양양읍 구교리","양양읍 구교리"
"양양읍 내곡리","양양읍 내곡리"
"양양읍 서문리","양양읍 서문리"
"양양읍 성내리","양양읍 성내리"
"양양읍 송암리","양양읍 송암리"
"양양읍 연창리","양양읍 연창리"
"양양읍 월리","양양읍 월리"
"양양읍 청곡리","양양읍 청곡리"
"양재동","양재동"
"양정동","양정동"
"양지동","양지동"
"양지면 남곡리","양지면 남곡리"
"양지면 양지리","양지면 양지리"
"양촌읍 양곡리","양촌읍 양곡리"
"양촌읍 학운리","양촌읍 학운리"
"양평동1가","양평동1가"
"양평동2가","양평동2가"
"양평동3가","양평동3가"
"양평동4가","양평동4가"
"양평동5가","양평동5가"
"양평동6가","양평동6가"
"양평읍 공흥리","양평읍 공흥리"
"양평읍 백안리","양평읍 백안리"
"양평읍 양근리","양평읍 양근리"
"어곡동","어곡동"
"어달동","어달동"
"어모면 중왕리","어모면 중왕리"
"어방동","어방동"
"어양동","어양동"
"어은동","어은동"
"어진동","어진동"
"언남동","언남동"
"언양읍 동부리","언양읍 동부리"
"언양읍 반송리","언양읍 반송리"
"언양읍 반천리","언양읍 반천리"
"언양읍 서부리","언양읍 서부리"
"언양읍 어음리","언양읍 어음리"
"언하동","언하동"
"엄궁동","엄궁동"
"엄사면 엄사리","엄사면 엄사리"
"엄사면 유동리","엄사면 유동리"
"여량면 여량리","여량면 여량리"
"여산면 제남리","여산면 제남리"
"여서동","여서동"
"여수동","여수동"
"여월동","여월동"
"여의도동","여의도동"
"여의동","여의동"
"여좌동","여좌동"
"여천동","여천동"
"역곡동","역곡동"
"역동","역동"
"역북동","역북동"
"역삼동","역삼동"
"역촌동","역촌동"
"연건동","연건동"
"연곡면 영진리","연곡면 영진리"
"연남동","연남동"
"연동","연동"
"연동면 명학리","연동면 명학리"
"연등동","연등동"
"연무동","연무동"
"연무읍 동산리","연무읍 동산리"
"연무읍 마산리","연무읍 마산리"
"연무읍 안심리","연무읍 안심리"
"연산동","연산동"
"연산면 연산리","연산면 연산리"
"연서면 봉암리","연서면 봉암리"
"연수동","연수동"
"연암동","연암동"
"연양동","연양동"
"연일읍 괴정리","연일읍 괴정리"
"연일읍 동문리","연일읍 동문리"
"연일읍 생지리","연일읍 생지리"
"연일읍 오천리","연일읍 오천리"
"연일읍 유강리","연일읍 유강리"
"연일읍 택전리","연일읍 택전리"
"연제동","연제동"
"연지동","연지동"
"연천읍 옥산리","연천읍 옥산리"
"연천읍 차탄리","연천읍 차탄리"
"연천읍 현가리","연천읍 현가리"
"연초면 오비리","연초면 오비리"
"연초면 죽토리","연초면 죽토리"
"연축동","연축동"
"연향동","연향동"
"연희동","연희동"
"염리동","염리동"
"염창동","염창동"
"염치읍 방현리","염치읍 방현리"
"염치읍 석정리","염치읍 석정리"
"염치읍 송곡리","염치읍 송곡리"
"염포동","염포동"
"영광읍 교촌리","영광읍 교촌리"
"영광읍 남천리","영광읍 남천리"
"영광읍 녹사리","영광읍 녹사리"
"영광읍 단주리","영광읍 단주리"
"영광읍 도동리","영광읍 도동리"
"영광읍 백학리","영광읍 백학리"
"영광읍 송림리","영광읍 송림리"
"영광읍 신하리","영광읍 신하리"
"영덕동","영덕동"
"영덕읍 남석리","영덕읍 남석리"
"영덕읍 우곡리","영덕읍 우곡리"
"영덕읍 화개리","영덕읍 화개리"
"영동","영동"
"영동읍 계산리","영동읍 계산리"
"영동읍 동정리","영동읍 동정리"
"영동읍 매천리","영동읍 매천리"
"영동읍 부용리","영동읍 부용리"
"영동읍 설계리","영동읍 설계리"
"영등동","영등동"
"영등포동","영등포동"
"영등포동1가","영등포동1가"
"영등포동2가","영등포동2가"
"영등포동3가","영등포동3가"
"영등포동4가","영등포동4가"
"영등포동5가","영등포동5가"
"영등포동7가","영등포동7가"
"영등포동8가","영등포동8가"
"영랑동","영랑동"
"영북면 운천리","영북면 운천리"
"영산면 서리","영산면 서리"
"영산면 성내리","영산면 성내리"
"영선동1가","영선동1가"
"영선동2가","영선동2가"
"영선동3가","영선동3가"
"영선동4가","영선동4가"
"영성동","영성동"
"영암읍 교동리","영암읍 교동리"
"영암읍 남풍리","영암읍 남풍리"
"영암읍 역리","영암읍 역리"
"영암읍 춘양리","영암읍 춘양리"
"영양읍 동부리","영양읍 동부리"
"영양읍 서부리","영양읍 서부리"
"영운동","영운동"
"영월읍 덕포리","영월읍 덕포리"
"영월읍 방절리","영월읍 방절리"
"영월읍 영흥리","영월읍 영흥리"
"영월읍 하송리","영월읍 하송리"
"영주동","영주동"
"영중면 양문리","영중면 양문리"
"영천동","영천동"
"영통동","영통동"
"영해면 괴시리","영해면 괴시리"
"영해면 벌영리","영해면 벌영리"
"영해면 성내리","영해면 성내리"
"영화동","영화동"
"예산읍 발연리","예산읍 발연리"
"예산읍 산성리","예산읍 산성리"
"예산읍 신례원리","예산읍 신례원리"
"예산읍 예산리","예산읍 예산리"
"예산읍 주교리","예산읍 주교리"
"예산읍 창소리","예산읍 창소리"
"예산읍 향천리","예산읍 향천리"
"예장동","예장동"
"예천동","예천동"
"예천읍 남본리","예천읍 남본리"
"예천읍 대심리","예천읍 대심리"
"예천읍 동본리","예천읍 동본리"
"예천읍 백전리","예천읍 백전리"
"예천읍 서본리","예천읍 서본리"
"예천읍 청복리","예천읍 청복리"
"오가면 신석리","오가면 신석리"
"오금동","오금동"
"오남동","오남동"
"오남읍 양지리","오남읍 양지리"
"오남읍 오남리","오남읍 오남리"
"오동동","오동동"
"오라이동","오라이동"
"오룡동","오룡동"
"오류동","오류동"
"오림동","오림동"
"오목천동","오목천동"
"오산동","오산동"
"오산면 장신리","오산면 장신리"
"오성면 숙성리","오성면 숙성리"
"오송읍 궁평리","오송읍 궁평리"
"오송읍 만수리","오송읍 만수리"
"오송읍 봉산리","오송읍 봉산리"
"오송읍 서평리","오송읍 서평리"
"오송읍 연제리","오송읍 연제리"
"오송읍 오송리","오송읍 오송리"
"오송읍 정중리","오송읍 정중리"
"오수면 오수리","오수면 오수리"
"오장동","오장동"
"오전동","오전동"
"오정동","오정동"
"오창읍 각리","오창읍 각리"
"오창읍 괴정리","오창읍 괴정리"
"오창읍 복현리","오창읍 복현리"
"오창읍 장대리","오창읍 장대리"
"오창읍 주성리","오창읍 주성리"
"오창읍 창리","오창읍 창리"
"오천동","오천동"
"오천읍 구정리","오천읍 구정리"
"오천읍 문덕리","오천읍 문덕리"
"오천읍 문충리","오천읍 문충리"
"오천읍 세계리","오천읍 세계리"
"오천읍 용덕리","오천읍 용덕리"
"오천읍 용산리","오천읍 용산리"
"오천읍 원리","오천읍 원리"
"오치동","오치동"
"오태동","오태동"
"오포읍 고산리","오포읍 고산리"
"오포읍 능평리","오포읍 능평리"
"오포읍 매산리","오포읍 매산리"
"오포읍 문형리","오포읍 문형리"
"오포읍 신현리","오포읍 신현리"
"오포읍 양벌리","오포읍 양벌리"
"오학동","오학동"
"옥계동","옥계동"
"옥계면 현내리","옥계면 현내리"
"옥곡동","옥곡동"
"옥곡면 신금리","옥곡면 신금리"
"옥곡면 장동리","옥곡면 장동리"
"옥과면 죽림리","옥과면 죽림리"
"옥교동","옥교동"
"옥길동","옥길동"
"옥동","옥동"
"옥련동","옥련동"
"옥룡동","옥룡동"
"옥봉동","옥봉동"
"옥산동","옥산동"
"옥산면 가락리","옥산면 가락리"
"옥산면 당북리","옥산면 당북리"
"옥산면 오산리","옥산면 오산리"
"옥산면 옥산리","옥산면 옥산리"
"옥수동","옥수동"
"옥암동","옥암동"
"옥인동","옥인동"
"옥정동","옥정동"
"옥천동","옥천동"
"옥천읍 금구리","옥천읍 금구리"
"옥천읍 대천리","옥천읍 대천리"
"옥천읍 마암리","옥천읍 마암리"
"옥천읍 문정리","옥천읍 문정리"
"옥천읍 삼양리","옥천읍 삼양리"
"옥천읍 양수리","옥천읍 양수리"
"옥천읍 장야리","옥천읍 장야리"
"옥천읍 죽향리","옥천읍 죽향리"
"옥포동","옥포동"
"옥포면 강림리","옥포면 강림리"
"옥포면 교항리","옥포면 교항리"
"옥포면 본리리","옥포면 본리리"
"온산읍 덕신리","온산읍 덕신리"
"온수동","온수동"
"온양읍 남창리","온양읍 남창리"
"온양읍 대안리","온양읍 대안리"
"온양읍 망양리","온양읍 망양리"
"온양읍 발리","온양읍 발리"
"온양읍 운화리","온양읍 운화리"
"온의동","온의동"
"온천동","온천동"
"와동","와동"
"와동동","와동동"
"와부읍 덕소리","와부읍 덕소리"
"와부읍 도곡리","와부읍 도곡리"
"와촌동","와촌동"
"와촌면 덕촌리","와촌면 덕촌리"
"완도읍 가용리","완도읍 가용리"
"완도읍 군내리","완도읍 군내리"
"완산동","완산동"
"완월동","완월동"
"왕곡동","왕곡동"
"왕길동","왕길동"
"왕암동","왕암동"
"왕정동","왕정동"
"왕지동","왕지동"
"왜관읍 매원리","왜관읍 매원리"
"왜관읍 석전리","왜관읍 석전리"
"왜관읍 왜관리","왜관읍 왜관리"
"외답동","외답동"
"외도일동","외도일동"
"외동","외동"
"외동읍 개곡리","외동읍 개곡리"
"외동읍 구어리","외동읍 구어리"
"외동읍 모화리","외동읍 모화리"
"외동읍 입실리","외동읍 입실리"
"요선동","요선동"
"요촌동","요촌동"
"용강동","용강동"
"용계동","용계동"
"용곡동","용곡동"
"용관동","용관동"
"용남면 동달리","용남면 동달리"
"용남면 장평리","용남면 장평리"
"용남면 화삼리","용남면 화삼리"
"용담동","용담동"
"용담삼동","용담삼동"
"용담이동","용담이동"
"용담일동","용담일동"
"용답동","용답동"
"용당동","용당동"
"용두동","용두동"
"용문동","용문동"
"용문면 다문리","용문면 다문리"
"용문면 마룡리","용문면 마룡리"
"용봉동","용봉동"
"용산동","용산동"
"용산동2가","용산동2가"
"용산동5가","용산동5가"
"용산면 구촌리","용산면 구촌리"
"용상동","용상동"
"용암동","용암동"
"용운동","용운동"
"용원동","용원동"
"용이동","용이동"
"용전동","용전동"
"용정동","용정동"
"용종동","용종동"
"용진읍 신지리","용진읍 신지리"
"용해동","용해동"
"용현동","용현동"
"용현면 덕곡리","용현면 덕곡리"
"용현면 신복리","용현면 신복리"
"용호동","용호동"
"용화동","용화동"
"용흥동","용흥동"
"우강면 송산리","우강면 송산리"
"우강면 창리","우강면 창리"
"우동","우동"
"우두동","우두동"
"우만동","우만동"
"우면동","우면동"
"우산동","우산동"
"우아동2가","우아동2가"
"우아동3가","우아동3가"
"우암동","우암동"
"우이동","우이동"
"우정동","우정동"
"우정읍 조암리","우정읍 조암리"
"우현동","우현동"
"욱수동","욱수동"
"운교동","운교동"
"운남동","운남동"
"운림동","운림동"
"운봉읍 동천리","운봉읍 동천리"
"운봉읍 서천리","운봉읍 서천리"
"운산면 갈산리","운산면 갈산리"
"운서동","운서동"
"운수동","운수동"
"운안동","운안동"
"운암동","운암동"
"운암면 마암리","운암면 마암리"
"운양동","운양동"
"운중동","운중동"
"운천동","운천동"
"운학동","운학동"
"울릉읍 저동리","울릉읍 저동리"
"울진읍 고성리","울진읍 고성리"
"울진읍 연지리","울진읍 연지리"
"울진읍 읍남리","울진읍 읍남리"
"울진읍 읍내리","울진읍 읍내리"
"웅진동","웅진동"
"웅천동","웅천동"
"웅천읍 대창리","웅천읍 대창리"
"웅촌면 곡천리","웅촌면 곡천리"
"웅촌면 대복리","웅촌면 대복리"
"원곡동","원곡동"
"원곡면 반제리","원곡면 반제리"
"원곡면 외가천리","원곡면 외가천리"
"원내동","원내동"
"원당동","원당동"
"원대동1가","원대동1가"
"원대동2가","원대동2가"
"원대동3가","원대동3가"
"원덕읍 옥원리","원덕읍 옥원리"
"원덕읍 임원리","원덕읍 임원리"
"원덕읍 호산리","원덕읍 호산리"
"원동","원동"
"원문동","원문동"
"원미동","원미동"
"원북면 반계리","원북면 반계리"
"원삼면 좌항리","원삼면 좌항리"
"원성동","원성동"
"원신흥동","원신흥동"
"원종동","원종동"
"원천동","원천동"
"원평동","원평동"
"원효로1가","원효로1가"
"원효로2가","원효로2가"
"원효로3가","원효로3가"
"원효로4가","원효로4가"
"원흥동","원흥동"
"월계동","월계동"
"월곡동","월곡동"
"월곶동","월곶동"
"월남동","월남동"
"월남동1가","월남동1가"
"월남동3가","월남동3가"
"월락동","월락동"
"월명동","월명동"
"월산동","월산동"
"월성동","월성동"
"월송동","월송동"
"월영동","월영동"
"월평동","월평동"
"월포동","월포동"
"월피동","월피동"
"유가면 봉리","유가면 봉리"
"유곡동","유곡동"
"유구읍 백교리","유구읍 백교리"
"유구읍 석남리","유구읍 석남리"
"유구읍 유구리","유구읍 유구리"
"유동","유동"
"유방동","유방동"
"유천동","유천동"
"유촌동","유촌동"
"윤직동","윤직동"
"율곡동","율곡동"
"율량동","율량동"
"율전동","율전동"
"율촌면 월산리","율촌면 월산리"
"율촌면 조화리","율촌면 조화리"
"율하동","율하동"
"율현동","율현동"
"은계동","은계동"
"은행동","은행동"
"을지로5가","을지로5가"
"음봉면 덕지리","음봉면 덕지리"
"음봉면 동암리","음봉면 동암리"
"음봉면 산동리","음봉면 산동리"
"음봉면 월랑리","음봉면 월랑리"
"음성읍 신천리","음성읍 신천리"
"음성읍 읍내리","음성읍 읍내리"
"음성읍 평곡리","음성읍 평곡리"
"음암면 도당리","음암면 도당리"
"음암면 부산리","음암면 부산리"
"음암면 부장리","음암면 부장리"
"음암면 상홍리","음암면 상홍리"
"읍내동","읍내동"
"응명동","응명동"
"응봉동","응봉동"
"응봉면 송석리","응봉면 송석리"
"응봉면 주령리","응봉면 주령리"
"응암동","응암동"
"의당면 청룡리","의당면 청룡리"
"의령읍 동동리","의령읍 동동리"
"의령읍 서동리","의령읍 서동리"
"의림동","의림동"
"의성읍 도동리","의성읍 도동리"
"의성읍 상리리","의성읍 상리리"
"의성읍 중리리","의성읍 중리리"
"의성읍 후죽리","의성읍 후죽리"
"의정부동","의정부동"
"이곡동","이곡동"
"이도동","이도동"
"이도이동","이도이동"
"이도일동","이도일동"
"이동","이동"
"이동면 무림리","이동면 무림리"
"이동면 송전리","이동면 송전리"
"이동면 천리","이동면 천리"
"이로동","이로동"
"이매동","이매동"
"이목동","이목동"
"이문동","이문동"
"이서면 갈산리","이서면 갈산리"
"이서면 상개리","이서면 상개리"
"이서면 용서리","이서면 용서리"
"이서면 이문리","이서면 이문리"
"이서면 학산리","이서면 학산리"
"이원면 강청리","이원면 강청리"
"이원면 건진리","이원면 건진리"
"이월면 송림리","이월면 송림리"
"이의동","이의동"
"이창동","이창동"
"이천동","이천동"
"이촌동","이촌동"
"이충동","이충동"
"이태원동","이태원동"
"이현동","이현동"
"이호이동","이호이동"
"이화동","이화동"
"익선동","익선동"
"인계동","인계동"
"인덕동","인덕동"
"인동","인동"
"인봉동","인봉동"
"인사동","인사동"
"인월면 서무리","인월면 서무리"
"인의동","인의동"
"인제동","인제동"
"인제읍 남북리","인제읍 남북리"
"인제읍 덕산리","인제읍 덕산리"
"인제읍 상동리","인제읍 상동리"
"인주면 공세리","인주면 공세리"
"인주면 신성리","인주면 신성리"
"인주면 해암리","인주면 해암리"
"인지동","인지동"
"인지면 둔당리","인지면 둔당리"
"인창동","인창동"
"인평동","인평동"
"인현동","인현동"
"인현동2가","인현동2가"
"인화동1가","인화동1가"
"인화동2가","인화동2가"
"인후동1가","인후동1가"
"인후동2가","인후동2가"
"일곡동","일곡동"
"일광면 삼성리","일광면 삼성리"
"일광면 이천리","일광면 이천리"
"일도이동","일도이동"
"일도일동","일도일동"
"일동면 기산리","일동면 기산리"
"일로읍 월암리","일로읍 월암리"
"일반성면 개암리","일반성면 개암리"
"일반성면 창촌리","일반성면 창촌리"
"일산동","일산동"
"일신동","일신동"
"일운면 소동리","일운면 소동리"
"일운면 지세포리","일운면 지세포리"
"일원동","일원동"
"일월동","일월동"
"일죽면 송천리","일죽면 송천리"
"임계면 봉산리","임계면 봉산리"
"임계면 송계리","임계면 송계리"
"임당동","임당동"
"임동","임동"
"임수동","임수동"
"임실읍 이도리","임실읍 이도리"
"임은동","임은동"
"임피면 읍내리","임피면 읍내리"
"임학동","임학동"
"입북동","입북동"
"입석동","입석동"
"입암동","입암동"
"입장면 기로리","입장면 기로리"
"입장면 도림리","입장면 도림리"
"입장면 신덕리","입장면 신덕리"
"입장면 신두리","입장면 신두리"
"입장면 하장리","입장면 하장리"
"자곡동","자곡동"
"자산동","자산동"
"자양동","자양동"
"자은동","자은동"
"자인면 교촌리","자인면 교촌리"
"자인면 동부리","자인면 동부리"
"자인면 북사리","자인면 북사리"
"자인면 서부리","자인면 서부리"
"작동","작동"
"작전동","작전동"
"잠실동","잠실동"
"잠원동","잠원동"
"장계면 장계리","장계면 장계리"
"장곡동","장곡동"
"장관동","장관동"
"장군동3가","장군동3가"
"장군면 금암리","장군면 금암리"
"장기동","장기동"
"장기면 양포리","장기면 양포리"
"장당동","장당동"
"장대동","장대동"
"장덕동","장덕동"
"장동","장동"
"장락동","장락동"
"장림동","장림동"
"장명동","장명동"
"장사동","장사동"
"장상동","장상동"
"장성동","장성동"
"장성읍 영천리","장성읍 영천리"
"장성읍 유탕리","장성읍 유탕리"
"장수동","장수동"
"장수읍 노하리","장수읍 노하리"
"장수읍 장수리","장수읍 장수리"
"장승포동","장승포동"
"장안동","장안동"
"장안면 사곡리","장안면 사곡리"
"장안면 어은리","장안면 어은리"
"장안읍 명례리","장안읍 명례리"
"장안읍 좌천리","장안읍 좌천리"
"장암동","장암동"
"장위동","장위동"
"장재동","장재동"
"장전동","장전동"
"장존동","장존동"
"장지동","장지동"
"장천동","장천동"
"장천면 상장리","장천면 상장리"
"장충동1가","장충동1가"
"장충동2가","장충동2가"
"장평동","장평동"
"장항동","장항동"
"장항읍 성주리","장항읍 성주리"
"장항읍 신창리","장항읍 신창리"
"장항읍 원수리","장항읍 원수리"
"장항읍 창선2리","장항읍 창선2리"
"장항읍 화천리","장항읍 화천리"
"장현동","장현동"
"장호원읍 노탑리","장호원읍 노탑리"
"장호원읍 장호원리","장호원읍 장호원리"
"장호원읍 진암리","장호원읍 진암리"
"장흥면 부곡리","장흥면 부곡리"
"장흥면 일영리","장흥면 일영리"
"장흥읍 건산리","장흥읍 건산리"
"재송동","재송동"
"저동","저동"
"저전동","저전동"
"적성면 구읍리","적성면 구읍리"
"적성면 마지리","적성면 마지리"
"전곡읍 은대리","전곡읍 은대리"
"전곡읍 전곡리","전곡읍 전곡리"
"전농동","전농동"
"전동","전동"
"전동3가","전동3가"
"전동면 노장리","전동면 노장리"
"전민동","전민동"
"전의면 동교리","전의면 동교리"
"전의면 유천리","전의면 유천리"
"전포동","전포동"
"전하동","전하동"
"점봉동","점봉동"
"점촌동","점촌동"
"정관읍 달산리","정관읍 달산리"
"정관읍 매학리","정관읍 매학리"
"정관읍 모전리","정관읍 모전리"
"정관읍 방곡리","정관읍 방곡리"
"정관읍 용수리","정관읍 용수리"
"정남면 덕절리","정남면 덕절리"
"정남면 발산리","정남면 발산리"
"정동","정동"
"정동면 고읍리","정동면 고읍리"
"정동면 예수리","정동면 예수리"
"정동면 풍정리","정동면 풍정리"
"정량동","정량동"
"정릉동","정릉동"
"정림동","정림동"
"정미면 천의리","정미면 천의리"
"정상동","정상동"
"정선읍 봉양리","정선읍 봉양리"
"정선읍 북실리","정선읍 북실리"
"정안면 광정리","정안면 광정리"
"정왕동","정왕동"
"정자동","정자동"
"정평동","정평동"
"정하동","정하동"
"제기동","제기동"
"제황산동","제황산동"
"조곡동","조곡동"
"조남동","조남동"
"조례동","조례동"
"조리읍 대원리","조리읍 대원리"
"조리읍 봉일천리","조리읍 봉일천리"
"조산동","조산동"
"조성면 조성리","조성면 조성리"
"조양동","조양동"
"조영동","조영동"
"조원동","조원동"
"조종면 현리","조종면 현리"
"조천읍 신촌리","조천읍 신촌리"
"조천읍 조천리","조천읍 조천리"
"조천읍 함덕리","조천읍 함덕리"
"조촌동","조촌동"
"조치원읍 교리","조치원읍 교리"
"조치원읍 남리","조치원읍 남리"
"조치원읍 번암리","조치원읍 번암리"
"조치원읍 상리","조치원읍 상리"
"조치원읍 서창리","조치원읍 서창리"
"조치원읍 신안리","조치원읍 신안리"
"조치원읍 신흥리","조치원읍 신흥리"
"조치원읍 원리","조치원읍 원리"
"조치원읍 정리","조치원읍 정리"
"조치원읍 죽림리","조치원읍 죽림리"
"조치원읍 침산리","조치원읍 침산리"
"종암동","종암동"
"종촌동","종촌동"
"종화동","종화동"
"좌동","좌동"
"좌부동","좌부동"
"좌천동","좌천동"
"주교동","주교동"
"주남동","주남동"
"주덕읍 신양리","주덕읍 신양리"
"주덕읍 신중리","주덕읍 신중리"
"주례동","주례동"
"주문진읍 교항리","주문진읍 교항리"
"주문진읍 주문리","주문진읍 주문리"
"주성동","주성동"
"주안동","주안동"
"주약동","주약동"
"주엽동","주엽동"
"주월동","주월동"
"주중동","주중동"
"주진동","주진동"
"주천면 주천리","주천면 주천리"
"주현동","주현동"
"죽교동","죽교동"
"죽도동","죽도동"
"죽동","죽동"
"죽림동","죽림동"
"죽백동","죽백동"
"죽변면 죽변리","죽변면 죽변리"
"죽변면 후정리","죽변면 후정리"
"죽산면 장원리","죽산면 장원리"
"죽산면 죽산리","죽산면 죽산리"
"죽성동","죽성동"
"죽율동","죽율동"
"죽전동","죽전동"
"죽정동","죽정동"
"죽항동","죽항동"
"중계동","중계동"
"중곡동","중곡동"
"중노송동","중노송동"
"중동","중동"
"중리동","중리동"
"중림동","중림동"
"중문동","중문동"
"중방동","중방동"
"중부동","중부동"
"중산동","중산동"
"중성동","중성동"
"중앙동","중앙동"
"중앙동2가","중앙동2가"
"중앙동3가","중앙동3가"
"중앙동4가","중앙동4가"
"중인동","중인동"
"중촌동","중촌동"
"중화동","중화동"
"중화산동1가","중화산동1가"
"중화산동2가","중화산동2가"
"중흥동","중흥동"
"증산동","증산동"
"증일동","증일동"
"증평읍 송산리","증평읍 송산리"
"증평읍 신동리","증평읍 신동리"
"증평읍 용강리","증평읍 용강리"
"증평읍 장동리","증평읍 장동리"
"증평읍 증천리","증평읍 증천리"
"증평읍 증평리","증평읍 증평리"
"증평읍 창동리","증평읍 창동리"
"증평읍 초중리","증평읍 초중리"
"증포동","증포동"
"지곡동","지곡동"
"지곡면 무장리","지곡면 무장리"
"지곡면 화천리","지곡면 화천리"
"지금동","지금동"
"지내동","지내동"
"지도읍 읍내리","지도읍 읍내리"
"지동","지동"
"지묘동","지묘동"
"지변동","지변동"
"지북동","지북동"
"지사동","지사동"
"지산동","지산동"
"지석동","지석동"
"지저동","지저동"
"지족동","지족동"
"지좌동","지좌동"
"지행동","지행동"
"지현동","지현동"
"직산읍 군동리","직산읍 군동리"
"직산읍 군서리","직산읍 군서리"
"직산읍 모시리","직산읍 모시리"
"직산읍 부송리","직산읍 부송리"
"직산읍 삼은리","직산읍 삼은리"
"직산읍 상덕리","직산읍 상덕리"
"직산읍 수헐리","직산읍 수헐리"
"진건읍 사능리","진건읍 사능리"
"진건읍 신월리","진건읍 신월리"
"진건읍 용정리","진건읍 용정리"
"진건읍 진관리","진건읍 진관리"
"진관동","진관동"
"진교면 고룡리","진교면 고룡리"
"진교면 진교리","진교면 진교리"
"진도읍 교동리","진도읍 교동리"
"진도읍 남동리","진도읍 남동리"
"진도읍 동외리","진도읍 동외리"
"진도읍 쌍정리","진도읍 쌍정리"
"진동면 사동리","진동면 사동리"
"진동면 요장리","진동면 요장리"
"진동면 진동리","진동면 진동리"
"진량읍 봉회리","진량읍 봉회리"
"진량읍 부기리","진량읍 부기리"
"진량읍 북리","진량읍 북리"
"진량읍 선화리","진량읍 선화리"
"진량읍 신상리","진량읍 신상리"
"진량읍 양기리","진량읍 양기리"
"진량읍 황제리","진량읍 황제리"
"진례면 송정리","진례면 송정리"
"진례면 청천리","진례면 청천리"
"진례면 초전리","진례면 초전리"
"진보면 각산리","진보면 각산리"
"진보면 이촌리","진보면 이촌리"
"진부면 송정리","진부면 송정리"
"진부면 하진부리","진부면 하진부리"
"진북동","진북동"
"진북면 지산리","진북면 지산리"
"진서면 곰소리","진서면 곰소리"
"진안동","진안동"
"진안읍 군상리","진안읍 군상리"
"진안읍 군하리","진안읍 군하리"
"진영읍 여래리","진영읍 여래리"
"진영읍 좌곤리","진영읍 좌곤리"
"진영읍 죽곡리","진영읍 죽곡리"
"진영읍 진영리","진영읍 진영리"
"진월동","진월동"
"진위면 가곡리","진위면 가곡리"
"진위면 갈곶리","진위면 갈곶리"
"진위면 견산리","진위면 견산리"
"진위면 봉남리","진위면 봉남리"
"진장동","진장동"
"진접읍 금곡리","진접읍 금곡리"
"진접읍 내각리","진접읍 내각리"
"진접읍 부평리","진접읍 부평리"
"진접읍 연평리","진접읍 연평리"
"진접읍 장현리","진접읍 장현리"
"진접읍 진벌리","진접읍 진벌리"
"진접읍 팔야리","진접읍 팔야리"
"진천동","진천동"
"진천읍 교성리","진천읍 교성리"
"진천읍 벽암리","진천읍 벽암리"
"진천읍 성석리","진천읍 성석리"
"진천읍 신정리","진천읍 신정리"
"진천읍 읍내리","진천읍 읍내리"
"진천읍 장관리","진천읍 장관리"
"진평동","진평동"
"진현동","진현동"
"집현면 봉강리","집현면 봉강리"
"차암동","차암동"
"창곡동","창곡동"
"창녕읍 교리","창녕읍 교리"
"창녕읍 교하리","창녕읍 교하리"
"창녕읍 말흘리","창녕읍 말흘리"
"창녕읍 송현리","창녕읍 송현리"
"창녕읍 술정리","창녕읍 술정리"
"창녕읍 조산리","창녕읍 조산리"
"창녕읍 직교리","창녕읍 직교리"
"창동","창동"
"창선면 상죽리","창선면 상죽리"
"창신동","창신동"
"창우동","창우동"
"창인동2가","창인동2가"
"창전동","창전동"
"창천동","창천동"
"창포동","창포동"
"창포동1가","창포동1가"
"창포동2가","창포동2가"
"창포동3가","창포동3가"
"채운동","채운동"
"천곡동","천곡동"
"천남동","천남동"
"천동","천동"
"천리동","천리동"
"천북면 모아리","천북면 모아리"
"천선동","천선동"
"천송동","천송동"
"천연동","천연동"
"천왕동","천왕동"
"천천동","천천동"
"천호동","천호동"
"철마면 고촌리","철마면 고촌리"
"철산동","철산동"
"철암동","철암동"
"철원읍 화지리","철원읍 화지리"
"청계동","청계동"
"청계면 남성리","청계면 남성리"
"청계면 도림리","청계면 도림리"
"청담동","청담동"
"청당동","청당동"
"청덕동","청덕동"
"청도읍 고수리","청도읍 고수리"
"청도읍 원정리","청도읍 원정리"
"청량리동","청량리동"
"청량면 덕하리","청량면 덕하리"
"청량면 삼정리","청량면 삼정리"
"청량면 상남리","청량면 상남리"
"청량면 율리","청량면 율리"
"청룡동","청룡동"
"청림동","청림동"
"청북읍 옥길리","청북읍 옥길리"
"청산면 백의리","청산면 백의리"
"청소면 진죽리","청소면 진죽리"
"청송읍 금곡리","청송읍 금곡리"
"청송읍 덕리","청송읍 덕리"
"청송읍 월막리","청송읍 월막리"
"청수동","청수동"
"청안동","청안동"
"청암동","청암동"
"청양읍 교월리","청양읍 교월리"
"청양읍 벽천리","청양읍 벽천리"
"청양읍 송방리","청양읍 송방리"
"청양읍 읍내리","청양읍 읍내리"
"청운동","청운동"
"청전동","청전동"
"청천동","청천동"
"청파동1가","청파동1가"
"청파동3가","청파동3가"
"청평면 청평리","청평면 청평리"
"청하면 덕성리","청하면 덕성리"
"청하면 월포리","청하면 월포리"
"청학동","청학동"
"청호동","청호동"
"초계면 아막리","초계면 아막리"
"초계면 초계리","초계면 초계리"
"초당동","초당동"
"초량동","초량동"
"초월읍 대쌍령리","초월읍 대쌍령리"
"초월읍 도평리","초월읍 도평리"
"초월읍 산이리","초월읍 산이리"
"초월읍 쌍동리","초월읍 쌍동리"
"초월읍 용수리","초월읍 용수리"
"초월읍 지월리","초월읍 지월리"
"초읍동","초읍동"
"초장동","초장동"
"초전동","초전동"
"초전면 대장리","초전면 대장리"
"초지동","초지동"
"추부면 마전리","추부면 마전리"
"추산동","추산동"
"축동면 배춘리","축동면 배춘리"
"축산면 축산리","축산면 축산리"
"춘양면 의양리","춘양면 의양리"
"춘의동","춘의동"
"춘포면 덕실리","춘포면 덕실리"
"춘포면 쌍정리","춘포면 쌍정리"
"춘포면 용연리","춘포면 용연리"
"충무공동","충무공동"
"충무동","충무동"
"충무동1가","충무동1가"
"충무동2가","충무동2가"
"충무로4가","충무로4가"
"충무로5가","충무로5가"
"충신동","충신동"
"충의동","충의동"
"충장로4가","충장로4가"
"충정로2가","충정로2가"
"충정로3가","충정로3가"
"충효동","충효동"
"취암동","취암동"
"측후동","측후동"
"치평동","치평동"
"칠괴동","칠괴동"
"칠금동","칠금동"
"칠산동","칠산동"
"칠서면 무릉리","칠서면 무릉리"
"칠성동2가","칠성동2가"
"칠암동","칠암동"
"칠원동","칠원동"
"칠원읍 구성리","칠원읍 구성리"
"칠원읍 무기리","칠원읍 무기리"
"칠원읍 예곡리","칠원읍 예곡리"
"칠원읍 오곡리","칠원읍 오곡리"
"칠원읍 용산리","칠원읍 용산리"
"칠전동","칠전동"
"침산동","침산동"
"탄방동","탄방동"
"탄벌동","탄벌동"
"탄천면 송학리","탄천면 송학리"
"탄현동","탄현동"
"탄현면 법흥리","탄현면 법흥리"
"탑동","탑동"
"탕정면 동산리","탕정면 동산리"
"탕정면 명암리","탕정면 명암리"
"탕정면 호산리","탕정면 호산리"
"태백동","태백동"
"태안읍 남문리","태안읍 남문리"
"태안읍 동문리","태안읍 동문리"
"태안읍 삭선리","태안읍 삭선리"
"태안읍 장산리","태안읍 장산리"
"태안읍 평천리","태안읍 평천리"
"태인동","태인동"
"태인면 태창리","태인면 태창리"
"태장동","태장동"
"태전동","태전동"
"태평동","태평동"
"태평로1가","태평로1가"
"태평로2가","태평로2가"
"태평로3가","태평로3가"
"태화동","태화동"
"토당동","토당동"
"토성동1가","토성동1가"
"토성동2가","토성동2가"
"토성동3가","토성동3가"
"토성동5가","토성동5가"
"토성면 청간리","토성면 청간리"
"토정동","토정동"
"토평동","토평동"
"통복동","통복동"
"통인동","통인동"
"통진읍 도사리","통진읍 도사리"
"통진읍 마송리","통진읍 마송리"
"통진읍 서암리","통진읍 서암리"
"퇴계동","퇴계동"
"퇴계원면 퇴계원리","퇴계원면 퇴계원리"
"파동","파동"
"파장동","파장동"
"파주읍 연풍리","파주읍 연풍리"
"파주읍 파주리","파주읍 파주리"
"파호동","파호동"
"판교동","판교동"
"판문동","판문동"
"판부면 서곡리","판부면 서곡리"
"판암동","판암동"
"팔달동","팔달동"
"팔복동1가","팔복동1가"
"팔복동2가","팔복동2가"
"팔봉동","팔봉동"
"팔용동","팔용동"
"팔탄면 가재리","팔탄면 가재리"
"팽성읍 객사리","팽성읍 객사리"
"팽성읍 송화리","팽성읍 송화리"
"팽성읍 안정리","팽성읍 안정리"
"팽성읍 평궁리","팽성읍 평궁리"
"평거동","평거동"
"평내동","평내동"
"평동","평동"
"평릉동","평릉동"
"평리동","평리동"
"평산동","평산동"
"평안동","평안동"
"평창동","평창동"
"평창읍 종부리","평창읍 종부리"
"평창읍 주진리","평창읍 주진리"
"평창읍 중리","평창읍 중리"
"평창읍 천변리","평창읍 천변리"
"평창읍 하리","평창읍 하리"
"평촌동","평촌동"
"평택동","평택동"
"평해읍 평해리","평해읍 평해리"
"평화동","평화동"
"평화동1가","평화동1가"
"평화동2가","평화동2가"
"포곡읍 둔전리","포곡읍 둔전리"
"포곡읍 삼계리","포곡읍 삼계리"
"포곡읍 영문리","포곡읍 영문리"
"포곡읍 전대리","포곡읍 전대리"
"포남동","포남동"
"포동","포동"
"포승읍 내기리","포승읍 내기리"
"포승읍 도곡리","포승읍 도곡리"
"포승읍 만호리","포승읍 만호리"
"포승읍 방림리","포승읍 방림리"
"포승읍 석정리","포승읍 석정리"
"포일동","포일동"
"표선면 표선리","표선면 표선리"
"풍각면 봉기리","풍각면 봉기리"
"풍기동","풍기동"
"풍기읍 동부리","풍기읍 동부리"
"풍기읍 서부리","풍기읍 서부리"
"풍기읍 성내리","풍기읍 성내리"
"풍납동","풍납동"
"풍덕동","풍덕동"
"풍덕천동","풍덕천동"
"풍동","풍동"
"풍무동","풍무동"
"풍산동","풍산동"
"풍산읍 안교리","풍산읍 안교리"
"풍암동","풍암동"
"풍유동","풍유동"
"풍향동","풍향동"
"풍호동","풍호동"
"필동1가","필동1가"
"필동3가","필동3가"
"필운동","필운동"
"하갈동","하갈동"
"하계동","하계동"
"하기동","하기동"
"하남동","하남동"
"하남면 용암리","하남면 용암리"
"하남면 위라리","하남면 위라리"
"하남읍 수산리","하남읍 수산리"
"하남읍 양동리","하남읍 양동리"
"하단동","하단동"
"하대동","하대동"
"하대원동","하대원동"
"하동","하동"
"하동읍 광평리","하동읍 광평리"
"하동읍 두곡리","하동읍 두곡리"
"하동읍 비파리","하동읍 비파리"
"하동읍 신기리","하동읍 신기리"
"하동읍 읍내리","하동읍 읍내리"
"하망동","하망동"
"하면 현리","하면 현리"
"하북면 백록리","하북면 백록리"
"하북면 순지리","하북면 순지리"
"하북면 용연리","하북면 용연리"
"하북면 지산리","하북면 지산리"
"하북면 초산리","하북면 초산리"
"하상동","하상동"
"하소동","하소동"
"하안동","하안동"
"하양읍 금락리","하양읍 금락리"
"하양읍 도리리","하양읍 도리리"
"하양읍 동서리","하양읍 동서리"
"하왕십리동","하왕십리동"
"하원동","하원동"
"하월곡동","하월곡동"
"하이면 덕호리","하이면 덕호리"
"하정동","하정동"
"하중동","하중동"
"하청면 하청리","하청면 하청리"
"학동","학동"
"학산동","학산동"
"학산면 금계리","학산면 금계리"
"학산면 독천리","학산면 독천리"
"학성동","학성동"
"학암동","학암동"
"학익동","학익동"
"학잠동","학잠동"
"학장동","학장동"
"학정동","학정동"
"한강로1가","한강로1가"
"한강로2가","한강로2가"
"한강로3가","한강로3가"
"한남동","한남동"
"한림면 장방리","한림면 장방리"
"한림읍 대림리","한림읍 대림리"
"한림읍 동명리","한림읍 동명리"
"한림읍 수원리","한림읍 수원리"
"한림읍 한림리","한림읍 한림리"
"한림읍 협재리","한림읍 협재리"
"한반도면 신천리","한반도면 신천리"
"한솔동","한솔동"
"함라면 함열리","함라면 함열리"
"함양읍 교산리","함양읍 교산리"
"함양읍 백연리","함양읍 백연리"
"함양읍 용평리","함양읍 용평리"
"함양읍 운림리","함양읍 운림리"
"함열읍 와리","함열읍 와리"
"함창읍 구향리","함창읍 구향리"
"함평읍 내교리","함평읍 내교리"
"합덕읍 운산리","합덕읍 운산리"
"합동","합동"
"합성동","합성동"
"합정동","합정동"
"합천읍 영창리","합천읍 영창리"
"합천읍 합천리","합천읍 합천리"
"항구동","항구동"
"항남동","항남동"
"항동","항동"
"항동7가","항동7가"
"해남읍 고도리","해남읍 고도리"
"해남읍 구교리","해남읍 구교리"
"해남읍 남외리","해남읍 남외리"
"해남읍 수성리","해남읍 수성리"
"해남읍 평동리","해남읍 평동리"
"해남읍 해리","해남읍 해리"
"해도동","해도동"
"해룡면 상삼리","해룡면 상삼리"
"해룡면 신대리","해룡면 신대리"
"해미면 읍내리","해미면 읍내리"
"해미면 조산리","해미면 조산리"
"해보면 용산리","해보면 용산리"
"해안동4가","해안동4가"
"해운동","해운동"
"해제면 양매리","해제면 양매리"
"해평면 낙성리","해평면 낙성리"
"행구동","행구동"
"행당동","행당동"
"행동","행동"
"행신동","행신동"
"행암동","행암동"
"행촌동","행촌동"
"향교동","향교동"
"향남읍 발안리","향남읍 발안리"
"향남읍 상신리","향남읍 상신리"
"향남읍 장짐리","향남읍 장짐리"
"향남읍 행정리","향남읍 행정리"
"향촌동","향촌동"
"현곡면 금장리","현곡면 금장리"
"현곡면 라원리","현곡면 라원리"
"현남면 광진리","현남면 광진리"
"현남면 남애리","현남면 남애리"
"현덕면 권관리","현덕면 권관리"
"현덕면 인광리","현덕면 인광리"
"현동","현동"
"현북면 기사문리","현북면 기사문리"
"현북면 중광정리","현북면 중광정리"
"현석동","현석동"
"현암동","현암동"
"현저동","현저동"
"현풍면 부리","현풍면 부리"
"현풍면 상리","현풍면 상리"
"현풍면 성하리","현풍면 성하리"
"현풍면 원교리","현풍면 원교리"
"현풍면 중리","현풍면 중리"
"형곡동","형곡동"
"혜화동","혜화동"
"호계동","호계동"
"호근동","호근동"
"호남동","호남동"
"호동","호동"
"호매실동","호매실동"
"호명면 산합리","호명면 산합리"
"호법면 유산리","호법면 유산리"
"호산동","호산동"
"호성동1가","호성동1가"
"호성동2가","호성동2가"
"호암동","호암동"
"호원동","호원동"
"호저면 만종리","호저면 만종리"
"호탄동","호탄동"
"호평동","호평동"
"홍농읍 상하리","홍농읍 상하리"
"홍도동","홍도동"
"홍문동","홍문동"
"홍북면 봉신리","홍북면 봉신리"
"홍북면 신경리","홍북면 신경리"
"홍북읍 봉신리","홍북읍 봉신리"
"홍북읍 신경리","홍북읍 신경리"
"홍산면 남촌리","홍산면 남촌리"
"홍성읍 고암리","홍성읍 고암리"
"홍성읍 남장리","홍성읍 남장리"
"홍성읍 내법리","홍성읍 내법리"
"홍성읍 대교리","홍성읍 대교리"
"홍성읍 오관리","홍성읍 오관리"
"홍성읍 옥암리","홍성읍 옥암리"
"홍성읍 월산리","홍성읍 월산리"
"홍은동","홍은동"
"홍익동","홍익동"
"홍제동","홍제동"
"홍천읍 갈마곡리","홍천읍 갈마곡리"
"홍천읍 연봉리","홍천읍 연봉리"
"홍천읍 진리","홍천읍 진리"
"홍천읍 하오안리","홍천읍 하오안리"
"홍천읍 희망리","홍천읍 희망리"
"화곡동","화곡동"
"화도읍 가곡리","화도읍 가곡리"
"화도읍 녹촌리","화도읍 녹촌리"
"화도읍 마석우리","화도읍 마석우리"
"화도읍 묵현리","화도읍 묵현리"
"화도읍 월산리","화도읍 월산리"
"화도읍 차산리","화도읍 차산리"
"화도읍 창현리","화도읍 창현리"
"화룡동","화룡동"
"화명동","화명동"
"화목동","화목동"
"화봉동","화봉동"
"화북이동","화북이동"
"화북일동","화북일동"
"화산동","화산동"
"화서동","화서동"
"화수동","화수동"
"화순읍 계소리","화순읍 계소리"
"화순읍 광덕리","화순읍 광덕리"
"화순읍 교리","화순읍 교리"
"화순읍 대리","화순읍 대리"
"화순읍 만연리","화순읍 만연리"
"화순읍 벽라리","화순읍 벽라리"
"화순읍 삼천리","화순읍 삼천리"
"화순읍 일심리","화순읍 일심리"
"화순읍 훈리","화순읍 훈리"
"화양동","화양동"
"화양읍 범곡리","화양읍 범곡리"
"화원읍 구라리","화원읍 구라리"
"화원읍 명곡리","화원읍 명곡리"
"화원읍 본리리","화원읍 본리리"
"화원읍 설화리","화원읍 설화리"
"화원읍 성산리","화원읍 성산리"
"화원읍 천내리","화원읍 천내리"
"화장동","화장동"
"화전동","화전동"
"화정동","화정동"
"화지동","화지동"
"화천동","화천동"
"화천읍 상리","화천읍 상리"
"화천읍 신읍리","화천읍 신읍리"
"화천읍 아리","화천읍 아리"
"화천읍 중리","화천읍 중리"
"환호동","환호동"
"황간면 남성리","황간면 남성리"
"황금동","황금동"
"황등면 율촌리","황등면 율촌리"
"황등면 황등리","황등면 황등리"
"황룡면 월평리","황룡면 월평리"
"황룡면 장산리","황룡면 장산리"
"황산면 우항리","황산면 우항리"
"황상동","황상동"
"황성동","황성동"
"황오동","황오동"
"황지동","황지동"
"황학동","황학동"
"회기동","회기동"
"회덕동","회덕동"
"회동동","회동동"
"회산동","회산동"
"회성동","회성동"
"회원동","회원동"
"회정동","회정동"
"회진면 회진리","회진면 회진리"
"회현동1가","회현동1가"
"회현동2가","회현동2가"
"회화면 배둔리","회화면 배둔리"
"횡성읍 교항리","횡성읍 교항리"
"횡성읍 북천리","횡성읍 북천리"
"횡성읍 읍상리","횡성읍 읍상리"
"횡성읍 읍하리","횡성읍 읍하리"
"횡성읍 입석리","횡성읍 입석리"
"효가동","효가동"
"효동","효동"
"효목동","효목동"
"효성동","효성동"
"효자동","효자동"
"효자동1가","효자동1가"
"효자동2가","효자동2가"
"효자동3가","효자동3가"
"효제동","효제동"
"효창동","효창동"
"후암동","후암동"
"후평동","후평동"
"후포면 삼율리","후포면 삼율리"
"후포면 후포리","후포면 후포리"
"휘경동","휘경동"
"휴천동","휴천동"
"흑석동","흑석동"
"흥덕동","흥덕동"
"흥동","흥동"
"흥사동","흥사동"
"흥업면 매지리","흥업면 매지리"
"흥업면 사제리","흥업면 사제리"
"흥업면 흥업리","흥업면 흥업리"
"흥인동","흥인동"
"흥해읍 남성리","흥해읍 남성리"
"흥해읍 마산리","흥해읍 마산리"
"흥해읍 성곡리","흥해읍 성곡리"
"흥해읍 약성리","흥해읍 약성리"
"흥해읍 옥성리","흥해읍 옥성리"
"흥해읍 이인리","흥해읍 이인리"
"흥해읍 중성리","흥해읍 중성리"
"흥해읍 학성리","흥해읍 학성리"
"흥해읍 학천리","흥해읍 학천리"
"거제면 옥산리","거제면 옥산리"
"거창읍 송정리","거창읍 송정리"
"경운동","경운동"
"고성읍 성내리","고성읍 성내리"
"고성읍 송학리","고성읍 송학리"
"고아읍 예강리","고아읍 예강리"
"광적면 석우리","광적면 석우리"
"군내면 구읍리","군내면 구읍리"
"규암면 내리","규암면 내리"
"금왕읍 용계리","금왕읍 용계리"
"남면 죽전리","남면 죽전리"
"남해읍 평리","남해읍 평리"
"농서동","농서동"
"다가동3가","다가동3가"
"다산면 곽촌리","다산면 곽촌리"
"대광동","대광동"
"덕산동","덕산동"
"덕산면 신평리","덕산면 신평리"
"도계읍 흥전리","도계읍 흥전리"
"동탄면","동탄면"
"동탄면 산척리","동탄면 산척리"
"동탄면 중리","동탄면 중리"
"둔덕면 학산리","둔덕면 학산리"
"매송면 야목리","매송면 야목리"
"맹동면 쌍정리","맹동면 쌍정리"
"무안읍 성내리","무안읍 성내리"
"봉래동","봉래동"
"부민동2가","부민동2가"
"석문면 통정리","석문면 통정리"
"선산읍 동부리","선산읍 동부리"
"성연면 일람리","성연면 일람리"
"성전면 월평리","성전면 월평리"
"순창읍 교성리","순창읍 교성리"
"신동읍 예미리","신동읍 예미리"
"아미동1가","아미동1가"
"애월읍 애월리","애월읍 애월리"
"야로면 구정리","야로면 구정리"
"양남면 읍천리","양남면 읍천리"
"영덕읍 덕곡리","영덕읍 덕곡리"
"영산면 교리","영산면 교리"
"오가면 역탑리","오가면 역탑리"
"오식도동","오식도동"
"옥종면 청룡리","옥종면 청룡리"
"온정면 소태리","온정면 소태리"
"외도이동","외도이동"
"용남면 원평리","용남면 원평리"
"용현면 송지리","용현면 송지리"
"유록동","유록동"
"이월면 사곡리","이월면 사곡리"
"인주면 밀두리","인주면 밀두리"
"일직동","일직동"
"장군동5가","장군동5가"
"장안면 봉비리","장안면 봉비리"
"정산면 서정리","정산면 서정리"
"종천면 종천리","종천면 종천리"
"중앙동1가","중앙동1가"
"중평동","중평동"
"직산읍 양당리","직산읍 양당리"
"진안읍 단양리","진안읍 단양리"
"창선동","창선동"
"창성동","창성동"
"칠서면 계내리","칠서면 계내리"
"토성동4가","토성동4가"
"팔곡일동","팔곡일동"
"풍천면 갈전리","풍천면 갈전리"
"한림읍 옹포리","한림읍 옹포리"
"함창읍 증촌리","함창읍 증촌리"
"함평읍 기각리","함평읍 기각리"
"해망동","해망동"
"향남읍 하길리","향남읍 하길리"
"화도읍 답내리","화도읍 답내리"
"화순읍 신기리","화순읍 신기리"
"화영동","화영동"
