"2017-11-01","신당동","신당아르브","16900"
"2017-11-01","신당동","남산타운","52500"
"2017-11-01","청량리동","미주","60000"
"2017-11-01","청량리동","미주","60000"
"2017-11-01","청량리동","미주","61500"
"2017-11-01","휘경동","주공2","26500"
"2017-11-01","이문동","래미안이문2차","45000"
"2017-11-01","중화동","태능에셈빌","33000"
"2017-11-01","중화동","동구햇살","35000"
"2017-11-01","중화동","한영(104)","25100"
"2017-11-01","묵동","브라운스톤태릉","43800"
"2017-11-01","묵동","우성","17450"
"2017-11-01","망우동","예성그린캐슬","28000"
"2017-11-01","신내동","원당","21700"
"2017-11-01","돈암동","한진(609-1)","31950"
"2017-11-01","정릉동","라온유","45500"
"2017-11-01","종암동","삼성래미안","39500"
"2017-11-01","하월곡동","래미안월곡","50000"
"2017-11-01","하월곡동","꿈의숲푸르지오","37500"
"2017-11-01","번동","한양(133-1)","33900"
"2017-11-01","번동","번동솔그린","26000"
"2017-11-01","방학동","동부센트레빌아파트","59000"
"2017-11-01","월계동","삼호4","36000"
"2017-11-01","월계동","주공2","28500"
"2017-11-01","공릉동","태강아파트","36000"
"2017-11-01","공릉동","태강아파트","29000"
"2017-11-01","하계동","한신1","18000"
"2017-11-01","하계동","한신동성","57000"
"2017-11-01","하계동","청솔(시영7)","18900"
"2017-11-01","상계동","상계현대3차","34500"
"2017-11-01","불광동","남해그린힐","23800"
"2017-11-01","응암동","녹번역센트레빌","48000"
"2017-11-01","신사동","두산위브2차","44000"
"2017-11-01","홍제동","홍제원현대(459-0)","41000"
"2017-11-01","대현동","럭키대현","60000"
"2017-11-01","아현동","예미원","55100"
"2017-11-01","공덕동","효창그린빌라트","57250"
"2017-11-01","토정동","한강삼성","60000"
"2017-11-01","하중동","한강밤섬자이","115000"
"2017-11-01","신정동","서강GS","55500"
"2017-11-01","서교동","대우미래사랑","25000"
"2017-11-01","연남동","코오롱","65000"
"2017-11-01","목동","목동신시가지5","132000"
"2017-11-01","신월동","길훈","14700"
"2017-11-01","신월동","롯데캐슬(1057-1)","49800"
"2017-11-01","화곡동","우장산아이파크,이편한세상","58000"
"2017-11-01","화곡동","우장산아이파크,이편한세상","61000"
"2017-11-01","화곡동","일성스카이빌","32800"
"2017-11-01","가양동","가양도시개발9-2단지","25500"
"2017-11-01","내발산동","마곡수명산파크3단지","59500"
"2017-11-01","방화동","방화12도시개발공사","31500"
"2017-11-01","구로동","(717-20)한성","16000"
"2017-11-01","구로동","(770-40)","14000"
"2017-11-01","구로동","비즈트위트블루","12000"
"2017-11-01","개봉동","한마을","41000"
"2017-11-01","개봉동","영화","46800"
"2017-11-01","개봉동","삼호","36500"
"2017-11-01","온수동","온수힐스테이트","35000"
"2017-11-01","시흥동","관악산벽산타운5","28000"
"2017-11-01","시흥동","무지개","29400"
"2017-11-01","시흥동","벽산","36000"
"2017-11-01","당산동1가","진로","62000"
"2017-11-01","당산동4가","유원제일","47300"
"2017-11-01","당산동4가","유원제일","47500"
"2017-11-01","신길동","여의도리버뷰","13000"
"2017-11-01","상도동","상도 엠코타운 센트럴파크","69000"
"2017-11-01","대방동","신대방타워","35500"
"2017-11-01","신대방동","보라매 e편한세상","81000"
"2017-11-01","신대방동","보라매 e편한세상","83000"
"2017-11-01","신림동","삼성","39200"
"2017-11-01","신림동","신림현대","46500"
"2017-11-01","신림동","우정하이비전2","40000"
"2017-11-01","신림동","효림다온","46000"
"2017-11-01","신림동","강남","25500"
"2017-11-01","신림동","신림현대","24000"
"2017-11-01","우면동","대림","100000"
"2017-11-01","반포동","반포리체","174500"
"2017-11-01","반포동","반포자이","218000"
"2017-11-01","반포동","아크로리버파크","297000"
"2017-11-01","서초동","서초교대e편한세상","174000"
"2017-11-01","신원동","서초 선포레","50618"
"2017-11-01","도곡동","삼호","150000"
"2017-11-01","도곡동","타워팰리스2","217000"
"2017-11-01","잠실동","트리지움","164500"
"2017-11-01","방이동","현대주상복합","20500"
"2017-11-01","고덕동","고덕래미안 힐스테이트아파트","71000"
"2017-11-01","길동","강동LG자이","83000"
"2017-11-01","둔촌동","현대1차아파트","63000"
"2017-11-01","천호동","중앙하이츠","45500"
"2017-11-01","영주동","동아(92-0)","14500"
"2017-11-01","보수동1가","시영","1600"
"2017-11-01","서대신동3가","구덕","20500"
"2017-11-01","서대신동3가","대신공원한신휴플러스","30250"
"2017-11-01","서대신동3가","협성르네상스","31500"
"2017-11-01","토성동5가","아크로폴리스","6500"
"2017-11-01","황학동","롯데캐슬","45000"
"2017-11-01","한남동","한남아이파크애비뉴","63500"
"2017-11-01","행당동","대림e-편한세상","65000"
"2017-11-01","옥수동","한남하이츠","90000"
"2017-11-01","자양동","우성1","49500"
"2017-11-01","면목동","현대휴온","12000"
"2017-11-01","망우동","중랑숲리가","45800"
"2017-11-01","신내동","동성1","29500"
"2017-11-01","정릉동","라온유","45000"
"2017-11-01","정릉동","태영","29500"
"2017-11-01","길음동","길음동동부센트레빌(1278-0)","36800"
"2017-11-01","길음동","길음뉴타운8단지(래미안)","60000"
"2017-11-01","길음동","길음뉴타운9단지(래미안)","71000"
"2017-11-01","하월곡동","동신","32600"
"2017-11-01","장위동","대명루첸","41300"
"2017-11-01","미아동","래미안트리베라1단지","53700"
"2017-11-01","번동","신원","27800"
"2017-11-01","방학동","신동아아파트5","40500"
"2017-11-01","창동","중흥에스클래스","65500"
"2017-11-01","도봉동","한신","34300"
"2017-11-01","상계동","은빛1단지","29000"
"2017-11-01","상계동","벽산","19500"
"2017-11-01","중계동","대림벽산(363)","70000"
"2017-11-01","역촌동","한양아트빌","22000"
"2017-11-01","신사동","라이프미성","38000"
"2017-11-01","홍제동","청구1차","52500"
"2017-11-01","북가좌동","북가좌동이랜드해가든","53000"
"2017-11-01","남가좌동","DMC파크뷰자이1단지","89000"
"2017-11-01","아현동","마포트라팰리스2차","74500"
"2017-11-01","현석동","레미안 웰스트림","75000"
"2017-11-01","창전동","서강오벨리스크스위트","59800"
"2017-11-01","서교동","대운","35500"
"2017-11-01","서교동","삼익플라주서교1","54000"
"2017-11-01","목동","진도2","58500"
"2017-11-01","목동","금호1","78000"
"2017-11-01","목동","목동금호베스트빌","56500"
"2017-11-01","목동","목화","34000"
"2017-11-01","신월동","정은스카이빌(1044)","21000"
"2017-11-01","염창동","동아3","43000"
"2017-11-01","화곡동","트리움팰리스","10300"
"2017-11-01","가양동","가양도시개발9-2단지","22500"
"2017-11-01","마곡동","마곡엠벨리(14단지)","69000"
"2017-11-01","방화동","방화5","28000"
"2017-11-01","방화동","한미(286-1)","23000"
"2017-11-01","신도림동","SK VIEW","56200"
"2017-11-01","온수동","아이에스빌리브","27000"
"2017-11-01","독산동","독산동한양수자인","42000"
"2017-11-01","독산동","태영","25500"
"2017-11-01","시흥동","무지개","29500"
"2017-11-01","시흥동","관악산벽산타운5","34350"
"2017-11-01","영등포동","영등포푸르지오","57000"
"2017-11-01","영등포동","영등포푸르지오","56000"
"2017-11-01","여의도동","시범","116000"
"2017-11-01","당산동4가","유원제일","58000"
"2017-11-01","당산동4가","현대5","73000"
"2017-11-01","상도동","상도엠코타운애스톤파크","96000"
"2017-11-01","상도동","이수브라운스톤상도(527-0)","68000"
"2017-11-01","대방동","진성마블로스","12200"
"2017-11-01","신림동","국제산장","31000"
"2017-11-01","신림동","푸리마타운","13500"
"2017-11-01","신림동","관악","29000"
"2017-11-01","방배동","방배동동양파라곤","120000"
"2017-11-01","방배동","네스코뮤즈빌(B)","78000"
"2017-11-01","방배동","방배래미안타워","102500"
"2017-11-01","잠원동","킴스빌리지","65500"
"2017-11-01","서초동","그린월드","79000"
"2017-11-01","서초동","N-Suite(1511-6)","83000"
"2017-11-01","서초동","서초자이","137000"
"2017-11-01","서초동","경남아너스빌201동","93000"
"2017-11-01","역삼동","대우디오빌","29000"
"2017-11-01","역삼동","역삼 I'PARK","59990"
"2017-11-01","도곡동","도곡렉슬","179000"
"2017-11-01","잠실동","잠실엘스","90000"
"2017-11-01","풍납동","극동","52500"
"2017-11-01","장지동","위례24단지(꿈에그린)","59000"
"2017-11-01","고덕동","고덕래미안 힐스테이트아파트","84500"
"2017-11-01","길동","길동우성","44800"
"2017-11-01","길동","신동아","45000"
"2017-11-01","암사동","다성이즈빌","26900"
"2017-11-01","강일동","강일리버파크10단지","59500"
"2017-11-01","보수동1가","미소지음 주상복합","26500"
"2017-11-01","부민동3가","부민e편한세상","22800"
"2017-11-01","초량동","부산역 유림줄리엣","9700"
"2017-11-01","초량동","부산역 유림줄리엣","8650"
"2017-11-01","수정동","수정(1186-1)","3700"
"2017-11-01","수정동","수정","3500"
"2017-11-01","수정동","수정(1186-1)","3800"
"2017-11-01","좌천동","좌천시민(741-1)","2400"
"2017-11-01","좌천동","좌천시민(741-1)","2000"
"2017-11-01","좌천동","좌천시민(741-1)","2900"
"2017-11-01","범일동","한성기린","22800"
"2017-11-01","남항동3가","현대","7300"
"2017-11-01","봉래동4가","영도유림","12000"
"2017-11-01","청학동","일신마리나","12500"
"2017-11-01","청학동","영도신도브래뉴","26700"
"2017-11-01","동삼동","동삼그린힐","10500"
"2017-11-01","동삼동","에덴금호","12000"
"2017-11-01","동삼동","동삼절영3","9500"
"2017-11-01","동삼동","동삼그린힐","7900"
"2017-11-01","전포동","한웅인터빌","8600"
"2017-11-01","전포동","화신거화","15500"
"2017-11-01","범천동","대원아파트","24900"
"2017-11-01","범천동","강진융프라우","7200"
"2017-11-01","부암동","화승","34900"
"2017-11-01","부암동","백양산월드메르디앙","28000"
"2017-11-01","부암동","백양산월드메르디앙","29000"
"2017-11-01","당감동","홍림로얄뷰","26300"
"2017-11-01","개금동","대동","11000"
"2017-11-01","명장동","안락시영(충렬)","18000"
"2017-11-01","안락동","에스케이쁘띠메종","24000"
"2017-11-01","안락동","충렬","20500"
"2017-11-01","안락동","한우","7000"
"2017-11-01","안락동","강변뜨란채","31800"
"2017-11-01","안락동","안락현대","35400"
"2017-11-01","온천동","스파맨션","25000"
"2017-11-01","온천동","동서산장","13000"
"2017-11-01","사직동","로얄2","20200"
"2017-11-01","대연동","신원","18370"
"2017-11-01","용호동","현대비치","21000"
"2017-11-01","용호동","오륙도에스케이뷰","53000"
"2017-11-01","용호동","동부맨션","13800"
"2017-11-01","감만동","성도맨션","4000"
"2017-11-01","금곡동","화명뜨란채","35000"
"2017-11-01","화명동","그린숲속아파트","14000"
"2017-11-01","화명동","대림쌍용강변타운","38800"
"2017-11-01","화명동","수정강변타운","22000"
"2017-11-01","화명동","도시화명그린(206)","13300"
"2017-11-01","화명동","엘가","13400"
"2017-11-01","만덕동","삼성","16000"
"2017-11-01","덕천동","덕천주공1","10700"
"2017-11-01","덕천동","덕천시영","17350"
"2017-11-01","덕천동","덕천시영","17000"
"2017-11-01","덕천동","부국3","22800"
"2017-11-01","구포동","유림노르웨이숲","16300"
"2017-11-01","구포동","구포현대","21000"
"2017-11-01","구포동","벽산그린필드","13600"
"2017-11-01","반여동","센텀대림아파트","24500"
"2017-11-01","반여동","우방신세계타운","27900"
"2017-11-01","재송동","센텀글로리아","8000"
"2017-11-01","재송동","남성선파크","8500"
"2017-11-01","재송동","센텀글로리아","10000"
"2017-11-01","재송동","남성선파크","7000"
"2017-11-01","우동","해운대두산위브더제니스","120000"
"2017-11-01","우동","동부올림픽타운","48000"
"2017-11-01","우동","협성프라임빌","37000"
"2017-11-01","좌동","현대","28000"
"2017-11-01","좌동","대우2","44000"
"2017-11-01","좌동","주공2","27000"
"2017-11-01","좌동","상록","23000"
"2017-11-01","괴정동","새괴정화신","17000"
"2017-11-01","괴정동","현대신델라","16800"
"2017-11-01","하단동","가락타운3","15400"
"2017-11-01","하단동","하단삼창","21000"
"2017-11-01","하단동","한신혜성","15300"
"2017-11-01","하단동","공작","13600"
"2017-11-01","하단동","하단한신원룸","4230"
"2017-11-01","신평동","현대","17100"
"2017-11-01","신평동","신평삼익","10000"
"2017-11-01","신평동","현대","17000"
"2017-11-01","장림동","신세대지큐빌","10400"
"2017-11-01","장림동","동원로얄듀크","13400"
"2017-11-01","장림동","신세대지큐빌","10100"
"2017-11-01","다대동","국제그린","8450"
"2017-11-01","부곡동","에스케이","32900"
"2017-11-01","부곡동","경남한신","43000"
"2017-11-01","명지동","영어도시 퀸덤1차","42400"
"2017-11-01","명지동","퀸덤1차링컨타운","31500"
"2017-11-01","명지동","엘크루솔마레","36000"
"2017-11-01","명지동","명지두산위브포세이돈","34500"
"2017-11-01","지사동","지사 과학 삼정그린코아","17430"
"2017-11-01","지사동","지사 과학 삼정그린코아","17490"
"2017-11-01","신호동","부산신호윌더하임","20000"
"2017-11-01","거제동","거제동월드메르디앙","48700"
"2017-11-01","거제동","청마마이우스","9300"
"2017-11-01","연산동","연제힐스테이트","58000"
"2017-11-01","연산동","삼익","16000"
"2017-11-01","연산동","해오름아트빌","4500"
"2017-11-01","연산동","월드파크4","29400"
"2017-11-01","연산동","한양(395)","17000"
"2017-11-01","연산동","삼경","14400"
"2017-11-01","광안동","부흥맨션","21100"
"2017-11-01","광안동","쌍용예가디오션","72000"
"2017-11-01","광안동","광안동일스위트","39500"
"2017-11-01","남천동","코오롱하늘채골든비치","70000"
"2017-11-01","남천동","삼익비치","49500"
"2017-11-01","남천동","삼익비치","48500"
"2017-11-01","남천동","삼익비치","56500"
"2017-11-01","남천동","삼익비치","48000"
"2017-11-01","남천동","삼익비치","31500"
"2017-11-01","남천동","삼익비치","28000"
"2017-11-01","남천동","삼익비치","29000"
"2017-11-01","남천동","삼익비치","52000"
"2017-11-01","남천동","삼익비치","48000"
"2017-11-01","남천동","삼익비치","50000"
"2017-11-01","남천동","삼익비치","40500"
"2017-11-01","남천동","삼익비치","45000"
"2017-11-01","남천동","삼익비치","107000"
"2017-11-01","남천동","삼익비치","31800"
"2017-11-01","남천동","삼익비치","45000"
"2017-11-01","남천동","삼익비치","31000"
"2017-11-01","남천동","삼익비치","31000"
"2017-11-01","삼락동","동양한신","19400"
"2017-11-01","괘법동","강일프라임빌","15000"
"2017-11-01","괘법동","사상샬레","16000"
"2017-11-01","학장동","구학마을","8950"
"2017-11-01","학장동","학장무학","28350"
"2017-11-01","엄궁동","롯데캐슬","33900"
"2017-11-01","엄궁동","엄궁럭키","16000"
"2017-11-01","엄궁동","엄궁럭키","13850"
"2017-11-01","기장읍 동부리","이진스카이빌","25800"
"2017-11-01","기장읍 서부리","이진테마빌","14000"
"2017-11-01","정관읍 모전리","정관 롯데캐슬 2차","33700"
"2017-11-01","신암동","뉴대구(235-1)","19000"
"2017-11-01","신암동","강남","8100"
"2017-11-01","신암동","신암청아람","38500"
"2017-11-01","신천동","우방푸른타운","16200"
"2017-11-01","신천동","신천가람타운","14450"
"2017-11-01","신천동","화성파크드림이스트밸리","45800"
"2017-11-01","효목동","동방","15000"
"2017-11-01","봉무동","대구이시아폴리스더샵3차","43700"
"2017-11-01","불로동","에덴공항2","11500"
"2017-11-01","지저동","부민스위트빌","16200"
"2017-11-01","동호동","제뉴어리","25200"
"2017-11-01","신기동","신기모란2차","10500"
"2017-11-01","신기동","신기모란2차","14500"
"2017-11-01","율하동","율하 뜨란채","17700"
"2017-11-01","각산동","각산푸르지오1단지","28800"
"2017-11-01","신서동","신서화성파크드림","30850"
"2017-11-01","신서동","영조퀸덤","23800"
"2017-11-01","내당동","삼익뉴타운","11000"
"2017-11-01","내당동","내당시영","15700"
"2017-11-01","비산동","한신휴플러스","27700"
"2017-11-01","비산동","한신휴플러스","28000"
"2017-11-01","평리동","평리청구타운","18000"
"2017-11-01","중리동","중리롯데캐슬","43500"
"2017-11-01","이천동","이천주공2단지","21000"
"2017-11-01","이천동","보성상아맨션","43840"
"2017-11-01","이천동","강변타운","17300"
"2017-11-01","봉덕동","앞산힐스테이트","46000"
"2017-11-01","칠성동2가","삼성","16900"
"2017-11-01","칠성동2가","월성로얄하이츠","23000"
"2017-11-01","고성동3가","태평보성","15000"
"2017-11-01","침산동","강변일성트루엘","35500"
"2017-11-01","노원동1가","삼영사랑마을","14850"
"2017-11-01","산격동","산격청구맨션","20500"
"2017-11-01","복현동","복현블루밍브라운스톤명문세가","40300"
"2017-11-01","복현동","복현시영(3차)","17000"
"2017-11-01","복현동","복현시영(3차)","17000"
"2017-11-01","복현동","복현시영(3차)","13700"
"2017-11-01","복현동","복현시영(1차)","11000"
"2017-11-01","복현동","복현푸르지오","37400"
"2017-11-01","복현동","복현시영(1차)","10000"
"2017-11-01","국우동","그린빌6단지","14500"
"2017-11-01","구암동","칠곡건영","13500"
"2017-11-01","구암동","부영5차","14000"
"2017-11-01","동천동","부영그린타운(2단지)","22000"
"2017-11-01","동천동","동화골든빌","10400"
"2017-11-01","동천동","칠곡화성타운2차","8800"
"2017-11-01","관음동","칠곡서한맨션","17000"
"2017-11-01","태전동","화성파크드림와이드","29500"
"2017-11-01","태전동","칠곡관음타운","13000"
"2017-11-01","태전동","한신중앙","10100"
"2017-11-01","사수동","브라운스톤 강북","28250"
"2017-11-01","범어동","가든하이츠1","57800"
"2017-11-01","만촌동","메트로팔레스2","38800"
"2017-11-01","만촌동","메트로팔레스5","47000"
"2017-11-01","만촌동","만촌우방타운2단지","23800"
"2017-11-01","수성동1가","수성서한이다음","43200"
"2017-11-01","수성동4가","쌍용화성","27900"
"2017-11-01","황금동","다인주택사랑마을101","25600"
"2017-11-01","지산동","낙원(1190-2)","11600"
"2017-11-01","사월동","사월보성","28600"
"2017-11-01","신매동","시지청솔타운","17000"
"2017-11-01","성당동","성당동더샵","44700"
"2017-11-01","두류동","두류보성맨션","27800"
"2017-11-01","신당동","성서주공2","9600"
"2017-11-01","이곡동","한빛마을(성서주공3차)","17500"
"2017-11-01","이곡동","대구성서4주공","15000"
"2017-11-01","이곡동","한샘","17900"
"2017-11-01","용산동","성서2보성타운","15500"
"2017-11-01","본리동","도담도담채아파트","24000"
"2017-11-01","상인동","상인화성파크드림2단지","41006"
"2017-11-01","상인동","송현주공3","36700"
"2017-11-01","상인동","상인화성파크드림2단지","56000"
"2017-11-01","도원동","나래마을","20900"
"2017-11-01","도원동","한실들마을","12800"
"2017-11-01","진천동","월송(다동)","8500"
"2017-11-01","유천동","진천역AK그랑폴리스","39900"
"2017-11-01","월성동","월성월드메르디앙","60000"
"2017-11-01","송현동","월성","12100"
"2017-11-01","송현동","송현제림","17250"
"2017-11-01","화원읍 설화리","화원한빛타운","17200"
"2017-11-01","논공읍 북리","논공청구타운","10600"
"2017-11-01","다사읍 서재리","에코폴리스 동화아이위시","20800"
"2017-11-01","다사읍 죽곡리","강창하이츠","12900"
"2017-11-01","다사읍 죽곡리","강창태성그린시티","19400"
"2017-11-01","다사읍 매곡리","다사한일유앤아이","23500"
"2017-11-01","다사읍 매곡리","대실역청아람2단지","39100"
"2017-11-01","옥포면 강림리","LH허브시티","15500"
"2017-11-01","옥포면 본리리","달성삼환나우빌","19500"
"2017-11-01","현풍면 중리","대구테크노폴리스서한이다음","25000"
"2017-11-01","유가면 봉리","호반베르디움","25700"
"2017-11-01","구지면 응암리","달성화성파크드림","8000"
"2017-11-01","인현동","뉴코아","12700"
"2017-11-01","인현동","뉴코아","12700"
"2017-11-01","인현동","뉴코아","12200"
"2017-11-01","인현동","뉴코아","12200"
"2017-11-01","인현동","뉴코아","12300"
"2017-11-01","중산동","하늘도시 한라비발디","34500"
"2017-11-01","운서동","영종주공스카이빌10단지","23567"
"2017-11-01","송현동","동부","10300"
"2017-11-01","송림동","참좋은집","12700"
"2017-11-01","숭의동","광해리드빌","18500"
"2017-11-01","용현동","서해","18500"
"2017-11-01","도화동","동원","11200"
"2017-11-01","주안동","대동","11700"
"2017-11-01","주안동","미도","17000"
"2017-11-01","주안동","한미코스모스","15100"
"2017-11-01","주안동","연흥(9-3)","12000"
"2017-11-01","주안동","현광","8000"
"2017-11-01","주안동","남광로얄","10300"
"2017-11-01","주안동","대동","11700"
"2017-11-01","관교동","삼환2","31000"
"2017-11-01","옥련동","쌍용","24000"
"2017-11-01","옥련동","송학둥지","14000"
"2017-11-01","옥련동","현대2","29100"
"2017-11-01","연수동","대우1","27200"
"2017-11-01","연수동","세경","17400"
"2017-11-01","연수동","연수주공2차","17300"
"2017-11-01","연수동","우성1","32000"
"2017-11-01","청학동","시대","14400"
"2017-11-01","동춘동","무지개마을","24100"
"2017-11-01","동춘동","동아","30200"
"2017-11-01","송도동","송도풍림아이원6단지","52500"
"2017-11-01","송도동","더샵센트럴파크2","66000"
"2017-11-01","송도동","인천송도힐스테이트4단지","71000"
"2017-11-01","송도동","더샵센트럴파크2","53800"
"2017-11-01","송도동","송도푸르지오월드마크7단지","57350"
"2017-11-01","송도동","롯데캐슬 캠퍼스타운","60000"
"2017-11-01","송도동","송도 캐슬&해모로","45000"
"2017-11-01","송도동","송도더샵그린애비뉴7단지","58700"
"2017-11-01","구월동","구월아시아드선수촌센트럴자이","50000"
"2017-11-01","구월동","아시아드 선수촌 8단지 801동~808동","34800"
"2017-11-01","구월동","두플라스","15600"
"2017-11-01","구월동","구월힐스테이트","31900"
"2017-11-01","구월동","구월힐스테이트","37500"
"2017-11-01","구월동","두드림","20900"
"2017-11-01","구월동","아시아드 선수촌 8단지 801동~808동","39000"
"2017-11-01","간석동","우성","25500"
"2017-11-01","간석동","어울림마을","30500"
"2017-11-01","만수동","이삭(1086-1)","25700"
"2017-11-01","만수동","향촌휴먼시아2단지","25974"
"2017-11-01","만수동","향촌휴먼시아2단지","25757"
"2017-11-01","만수동","향촌휴먼시아2단지","11837"
"2017-11-01","만수동","향촌휴먼시아2단지","25757"
"2017-11-01","만수동","향촌휴먼시아2단지","25757"
"2017-11-01","만수동","벽산","25400"
"2017-11-01","만수동","향촌휴먼시아2단지","18495"
"2017-11-01","만수동","향촌휴먼시아2단지","25974"
"2017-11-01","만수동","향촌휴먼시아2단지","18553"
"2017-11-01","만수동","향촌휴먼시아2단지","18495"
"2017-11-01","만수동","향촌휴먼시아2단지","25757"
"2017-11-01","만수동","삼환2단지","14400"
"2017-11-01","만수동","대동(5-328)","9670"
"2017-11-01","만수동","벽산","22000"
"2017-11-01","만수동","정광","5500"
"2017-11-01","만수동","향촌휴먼시아2단지","25899"
"2017-11-01","만수동","향촌휴먼시아2단지","26081"
"2017-11-01","만수동","향촌휴먼시아2단지","18242"
"2017-11-01","만수동","향촌휴먼시아2단지","17842"
"2017-11-01","만수동","향촌휴먼시아2단지","26081"
"2017-11-01","만수동","향촌휴먼시아2단지","26081"
"2017-11-01","만수동","향촌휴먼시아2단지","25682"
"2017-11-01","만수동","향촌휴먼시아2단지","25757"
"2017-11-01","만수동","향촌휴먼시아2단지","24857"
"2017-11-01","만수동","향촌휴먼시아2단지","25757"
"2017-11-01","만수동","만수주공2단지","19200"
"2017-11-01","만수동","향촌휴먼시아2단지","12117"
"2017-11-01","만수동","향촌휴먼시아2단지","18553"
"2017-11-01","만수동","향촌휴먼시아2단지","25757"
"2017-11-01","서창동","청광플러스원아파트","35020"
"2017-11-01","서창동","서창엘에이치11단지","31000"
"2017-11-01","서창동","현대모닝사이드","25800"
"2017-11-01","도림동","벽산블루밍","28500"
"2017-11-01","논현동","새터마을신일해피트리(7단지)","35500"
"2017-11-01","부평동","스마트빌(375-4)","12000"
"2017-11-01","부평동","부평LH 2단지","20453"
"2017-11-01","부평동","부평LH 2단지","20302"
"2017-11-01","부평동","부평LH 2단지","20302"
"2017-11-01","부평동","두산위브","35400"
"2017-11-01","부평동","부평LH 2단지","20453"
"2017-11-01","부평동","라일플로리스","7300"
"2017-11-01","부평동","동아(1차)","24600"
"2017-11-01","부평동","부평타워큐","7800"
"2017-11-01","부평동","부평LH 2단지","16362"
"2017-11-01","부평동","부평LH 2단지","16242"
"2017-11-01","부평동","부평LH 2단지","20302"
"2017-11-01","부평동","부평LH 2단지","20302"
"2017-11-01","십정동","신태양","7800"
"2017-11-01","산곡동","현대1차","27600"
"2017-11-01","산곡동","태화프리상뜨","25300"
"2017-11-01","산곡동","현대3차","37500"
"2017-11-01","산곡동","현대1차","31700"
"2017-11-01","청천동","부평1차 금호타운","25000"
"2017-11-01","삼산동","삼산타운주공1단지","29950"
"2017-11-01","부개동","부개역푸르지오","53000"
"2017-11-01","부개동","태산","14910"
"2017-11-01","부개동","부개역푸르지오","53000"
"2017-11-01","부개동","태산","15200"
"2017-11-01","부개동","부개주공3","25900"
"2017-11-01","부개동","부개역푸르지오","41900"
"2017-11-01","부개동","부개역푸르지오","43600"
"2017-11-01","부개동","주공5","28000"
"2017-11-01","부개동","푸른마을한신,삼부","41500"
"2017-11-01","효성동","롯데","10000"
"2017-11-01","효성동","롯데","13300"
"2017-11-01","효성동","백영","15000"
"2017-11-01","계산동","주공","20780"
"2017-11-01","계산동","휴인아파트","28000"
"2017-11-01","계산동","태평","13500"
"2017-11-01","작전동","남진","14000"
"2017-11-01","작전동","까치마을한진","14000"
"2017-11-01","작전동","한양","16600"
"2017-11-01","작전동","남진","14100"
"2017-11-01","작전동","도두리마을동보","11150"
"2017-11-01","작전동","신라","12200"
"2017-11-01","병방동","학마을영남","23100"
"2017-11-01","박촌동","계양2차하우스토리","32000"
"2017-11-01","검암동","풍림아이원1","30000"
"2017-11-01","경서동","청라 SK VIEW","56000"
"2017-11-01","경서동","청라29블럭호반베르디움","39000"
"2017-11-01","연희동","엑슬루타워","49000"
"2017-11-01","연희동","엑슬루타워","46200"
"2017-11-01","심곡동","신원아파트101동","20000"
"2017-11-01","마전동","동아","21500"
"2017-11-01","마전동","유호D단지(D1,D2동)","12000"
"2017-11-01","마전동","장미","10500"
"2017-11-01","당하동","원당풍림아이원(원당지구 101BL 1L)","26000"
"2017-11-01","왕길동","대림e-편한세상(검단2지구 66BL 1L)","30000"
"2017-11-01","불로동","퀸스타운(신명)","24450"
"2017-11-01","선원면 창리","세광엔리치빌1차","16000"
"2017-11-01","산수동","광명","13000"
"2017-11-01","지산동","이화맨션","9250"
"2017-11-01","농성동","농성동유탑유블레스","5100"
"2017-11-01","광천동","e편한세상","47800"
"2017-11-01","쌍촌동","광명하이츠","16950"
"2017-11-01","화정동","라인동산","19150"
"2017-11-01","화정동","현대힐스테이트1단지","39000"
"2017-11-01","화정동","현대(859-1)","13400"
"2017-11-01","화정동","우성1","14200"
"2017-11-01","화정동","현대힐스테이트1단지","35500"
"2017-11-01","화정동","현대힐스테이트3단지","49000"
"2017-11-01","화정동","화정동영무예다음","13700"
"2017-11-01","치평동","상무지구리채시티","7880"
"2017-11-01","치평동","금호대우","16700"
"2017-11-01","치평동","대우금호","17200"
"2017-11-01","풍암동","중흥호반","16050"
"2017-11-01","풍암동","현대","14500"
"2017-11-01","풍암동","우미광장","16400"
"2017-11-01","풍암동","우미광장","16800"
"2017-11-01","금호동","금호시영","10500"
"2017-11-01","금호동","부영(마재마을)","20500"
"2017-11-01","금호동","호반리젠시빌3차","24500"
"2017-11-01","금호동","종원팰리스빌","23450"
"2017-11-01","서동","제일파크맨션","10300"
"2017-11-01","주월동","종원","6200"
"2017-11-01","주월동","대원(54-22)","8150"
"2017-11-01","주월동","봉선로광명메이루즈","34900"
"2017-11-01","주월동","전일씨네빌","9000"
"2017-11-01","노대동","송화마을휴먼시아5단지","24900"
"2017-11-01","진월동","아남","16000"
"2017-11-01","진월동","광명","24000"
"2017-11-01","진월동","새한","10500"
"2017-11-01","방림동","라인효친1","12500"
"2017-11-01","방림동","광명샤인빌","23500"
"2017-11-01","방림동","금호맨션","12700"
"2017-11-01","방림동","광명그린","10300"
"2017-11-01","방림동","삼일","15600"
"2017-11-01","방림동","금호맨션","12000"
"2017-11-01","봉선동","모아엘가","37500"
"2017-11-01","봉선동","봉선지웰","36500"
"2017-11-01","봉선동","삼익1","25300"
"2017-11-01","봉선동","포스코더샵","42000"
"2017-11-01","봉선동","포스코더샵","28000"
"2017-11-01","봉선동","모아2차","9300"
"2017-11-01","중흥동","중흥동도나우타운","18000"
"2017-11-01","중흥동","평화맨션","4800"
"2017-11-01","임동","한국아델리움2차","26300"
"2017-11-01","용봉동","모아미래도","20000"
"2017-11-01","용봉동","신동아","14900"
"2017-11-01","용봉동","모아미래도","19000"
"2017-11-01","용봉동","용봉동 도나우타운2차","18000"
"2017-11-01","동림동","삼익","10400"
"2017-11-01","동림동","동림푸른주공3","11500"
"2017-11-01","운암동","운암산아이파크","60000"
"2017-11-01","운암동","일신2","10800"
"2017-11-01","운암동","미라보3","19350"
"2017-11-01","운암동","(936-15)","7230"
"2017-11-01","운암동","나산건강","18500"
"2017-11-01","문흥동","문흥동대주3","10000"
"2017-11-01","문흥동","우성","15000"
"2017-11-01","각화동","각화골드클래스","27200"
"2017-11-01","각화동","금호타운2","15000"
"2017-11-01","두암동","두암현대","14000"
"2017-11-01","두암동","율곡타운(주공1)","8100"
"2017-11-01","두암동","문화A","5000"
"2017-11-01","오치동","주공","7400"
"2017-11-01","오치동","우성","12000"
"2017-11-01","오치동","대광아파트","8200"
"2017-11-01","오치동","대광아파트","8300"
"2017-11-01","일곡동","청솔","10800"
"2017-11-01","양산동","일신2차","11900"
"2017-11-01","연제동","연제동고운하이플러스아파트","23040"
"2017-11-01","신용동","첨단2지구중흥에스-클래스","36500"
"2017-11-01","신용동","한양수자인리버뷰","25700"
"2017-11-01","신용동","제일풍경채 리버파크","28200"
"2017-11-01","신용동","한양수자인리버뷰","25700"
"2017-11-01","신용동","한양수자인리버뷰","24300"
"2017-11-01","신용동","첨단2지구중흥에스-클래스","49500"
"2017-11-01","용두동","성진맨션","14000"
"2017-11-01","도산동","무등파크맨션","8500"
"2017-11-01","신촌동","신촌동명지로드힐","19200"
"2017-11-01","선암동","이지더원1단지","27500"
"2017-11-01","선암동","광주 선운지구 EG the1 2단지","29000"
"2017-11-01","소촌동","EG스위트밸리3차","21000"
"2017-11-01","소촌동","EG스위트밸리2차","18500"
"2017-11-01","우산동","하남주공(2단지)","7100"
"2017-11-01","수완동","모아엘가","37100"
"2017-11-01","월계동","첨단라인6","15700"
"2017-11-01","월계동","첨단남양파크","14200"
"2017-11-01","월계동","첨단남양파크","14200"
"2017-11-01","월계동","첨단우미1","14000"
"2017-11-01","월계동","서라","13200"
"2017-11-01","월계동","첨단라인3","14500"
"2017-11-01","월계동","서라","13000"
"2017-11-01","산월동","첨단부영6차","24600"
"2017-11-01","신창동","광주신창동대광로제비앙아파트","28500"
"2017-11-01","신창동","신창2차부영","20000"
"2017-11-01","신창동","신창2차부영","19200"
"2017-11-01","신창동","신창3차부영사랑으로","17800"
"2017-11-01","신가동","대방노블랜드","29800"
"2017-11-01","신가동","중흥2","16900"
"2017-11-01","신가동","중흥2","12500"
"2017-11-01","신가동","중흥S클래스1단지","28000"
"2017-11-01","신가동","수완지구호반베르디움1차","39000"
"2017-11-01","신가동","도시공사","16400"
"2017-11-01","운남동","운남주공7단지","13200"
"2017-11-01","운남동","운남주공7단지","9400"
"2017-11-01","운남동","삼성","14500"
"2017-11-01","장덕동","부영애시앙 1차","22300"
"2017-11-01","장덕동","광주 수완 세영리첼","28400"
"2017-11-01","장덕동","진흥더루벤스","25600"
"2017-11-01","장덕동","현진에버빌2단지","33300"
"2017-11-01","산정동","어등산 대방노블랜드","34500"
"2017-11-01","산정동","부영 애시앙 2차","23300"
"2017-11-01","월곡동","금호타운","14200"
"2017-11-01","월곡동","금호타운","14100"
"2017-11-01","월곡동","금호타운","14150"
"2017-11-01","월곡동","한성2차","10200"
"2017-11-01","판암동","주공5","6400"
"2017-11-01","판암동","주공5","6650"
"2017-11-01","판암동","주공2","15600"
"2017-11-01","판암동","주공2","9500"
"2017-11-01","판암동","주공6","6650"
"2017-11-01","용운동","모리","9350"
"2017-11-01","용운동","고층주공","5670"
"2017-11-01","용전동","한숲","18300"
"2017-11-01","용전동","큰솔102동","5450"
"2017-11-01","용전동","큰솔102동","8300"
"2017-11-01","용전동","한울","8200"
"2017-11-01","성남동","스마트뷰","26300"
"2017-11-01","홍도동","홍도","8000"
"2017-11-01","홍도동","홍도","7900"
"2017-11-01","홍도동","홍도","9500"
"2017-11-01","낭월동","오투그란데","21000"
"2017-11-01","낭월동","오투그란데","21700"
"2017-11-01","낭월동","오투그란데","19500"
"2017-11-01","낭월동","e편한세상","24700"
"2017-11-01","선화동","센트럴뷰","17145"
"2017-11-01","선화동","선화동스마트284","6000"
"2017-11-01","목동","올리브힐","30200"
"2017-11-01","옥계동","태성맨션","3200"
"2017-11-01","부사동","민영1동","6800"
"2017-11-01","용두동","용두","7000"
"2017-11-01","오류동","삼성(175)","23500"
"2017-11-01","태평동","삼부1","10400"
"2017-11-01","유천동","하나","14000"
"2017-11-01","문화동","주공3","8150"
"2017-11-01","문화동","극동","16500"
"2017-11-01","문화동","센트럴파크1단지","38000"
"2017-11-01","문화동","한신휴플러스보르미","27000"
"2017-11-01","문화동","효성상아맨션","17850"
"2017-11-01","사정동","성산마을우남스타원","21700"
"2017-11-01","도마동","삼창","5850"
"2017-11-01","정림동","늘푸른","8000"
"2017-11-01","정림동","강변들금성백조","12200"
"2017-11-01","정림동","우성","18350"
"2017-11-01","용문동","한마음","8000"
"2017-11-01","용문동","서우","20600"
"2017-11-01","탄방동","한가람","18000"
"2017-11-01","탄방동","한가람","15000"
"2017-11-01","괴정동","리베라아이누리","11600"
"2017-11-01","가장동","삼성래미안1","24390"
"2017-11-01","갈마동","건강주택(427-6)","11500"
"2017-11-01","둔산동","목련","33700"
"2017-11-01","둔산동","은하수","21100"
"2017-11-01","둔산동","샘머리2차","28500"
"2017-11-01","둔산동","샘머리1차","27200"
"2017-11-01","둔산동","국화우성","21800"
"2017-11-01","둔산동","크로바","58000"
"2017-11-01","둔산동","가람","34000"
"2017-11-01","둔산동","샘머리2차","26000"
"2017-11-01","가수원동","계룡","10000"
"2017-11-01","가수원동","은아5단지","8500"
"2017-11-01","도안동","도안 베르디움","34400"
"2017-11-01","관저동","원앙마을4","16050"
"2017-11-01","교촌동","미메이드","22700"
"2017-11-01","봉명동","도안신도시7단지예미지백조의호수","43500"
"2017-11-01","봉명동","리베라 아이누리","8200"
"2017-11-01","상대동","트리풀시티(5단지)","41800"
"2017-11-01","상대동","한라비발디","50000"
"2017-11-01","상대동","트리풀시티","70000"
"2017-11-01","장대동","성원상떼빌","19500"
"2017-11-01","장대동","장대푸르지오","30000"
"2017-11-01","지족동","열매마을1단지(삼부)","23000"
"2017-11-01","지족동","노은새미래숲2단지","20000"
"2017-11-01","지족동","열매마을4단지(계룡,현대)","21500"
"2017-11-01","지족동","열매마을4단지(계룡,현대)","21750"
"2017-11-01","지족동","대전 노은4지구 한화 꿈에그린 2블록","33500"
"2017-11-01","지족동","SK허브","25200"
"2017-11-01","죽동","죽동푸르지오","35000"
"2017-11-01","어은동","한빛우성","35500"
"2017-11-01","신성동","럭키하나","19750"
"2017-11-01","신성동","한울","17300"
"2017-11-01","하기동","송림마을2단지(우미이노스빌1차)","29000"
"2017-11-01","하기동","송림마을3단지(우미이노스빌2차)","26200"
"2017-11-01","하기동","송림마을5단지(E-그리운)","22000"
"2017-11-01","전민동","세종","18000"
"2017-11-01","전민동","세종","15000"
"2017-11-01","관평동","금성백조예미지7단지아파트","32000"
"2017-11-01","송강동","한마을","19500"
"2017-11-01","읍내동","현대","13300"
"2017-11-01","연축동","연축주공","6980"
"2017-11-01","송촌동","선비마을3단지","26300"
"2017-11-01","법동","선비마을1","15300"
"2017-11-01","법동","주공2","4430"
"2017-11-01","법동","주공1","16700"
"2017-11-01","비래동","미래101동","8000"
"2017-11-01","비래동","유앤미","18500"
"2017-11-01","석봉동","유락A동","11500"
"2017-11-01","덕암동","삼호(9-3)","5300"
"2017-11-01","신탄진동","트윈스1차","15700"
"2017-11-01","복산동","제일","15000"
"2017-11-01","복산동","복산 아이파크","32100"
"2017-11-01","복산동","번영로드림파크","13000"
"2017-11-01","우정동","우정I'PARK","57000"
"2017-11-01","성안동","신성그린빌","19000"
"2017-11-01","태화동","국제강변","16500"
"2017-11-01","남외동","남외푸르지오2차","41000"
"2017-11-01","약사동","삼성래미안2차4단지","36500"
"2017-11-01","무거동","울산옥현1주공","24200"
"2017-11-01","무거동","남운그린힐","12300"
"2017-11-01","무거동","신복현대","17300"
"2017-11-01","무거동","도원","14700"
"2017-11-01","옥동","도성타운","16800"
"2017-11-01","옥동","동덕현대","27600"
"2017-11-01","신정동","남산포스코더샵","36650"
"2017-11-01","신정동","문수로2차IPARK2단지","53000"
"2017-11-01","신정동","신정현대홈타운3","28000"
"2017-11-01","달동","어울림","23800"
"2017-11-01","달동","달동현대1","28500"
"2017-11-01","삼산동","우성","23000"
"2017-11-01","삼산동","평창3차현대","40000"
"2017-11-01","야음동","동부1","25500"
"2017-11-01","야음동","일동미라주","32000"
"2017-11-01","야음동","롯데캐슬골드1단지","30650"
"2017-11-01","야음동","롯데캐슬골드1단지","30700"
"2017-11-01","선암동","동서그린맨션","15000"
"2017-11-01","방어동","대왕암엘크루","30500"
"2017-11-01","전하동","유한국민","8500"
"2017-11-01","동부동","남목현대","16800"
"2017-11-01","서부동","현대패밀리명덕","15700"
"2017-11-01","호계동","호계1차 한양수자인 아파트","28000"
"2017-11-01","신천동","문화청솔","13000"
"2017-11-01","중산동","한라그린맨션","5500"
"2017-11-01","중산동","경동그린맨션","8050"
"2017-11-01","천곡동","일지리버타워","12000"
"2017-11-01","천곡동","새천곡 한신 휴 플러스1단지","26000"
"2017-11-01","달천동","달천아이파크1차","37500"
"2017-11-01","산하동","울산블루마시티2차푸르지오","23000"
"2017-11-01","산하동","울산블루마시티푸르지오","25900"
"2017-11-01","산하동","울산블루마시티2차푸르지오","30000"
"2017-11-01","명촌동","평창리비에르2차","23100"
"2017-11-01","명촌동","평창리비에르2차","25500"
"2017-11-01","명촌동","평창리비에르2차","24500"
"2017-11-01","화봉동","한우리","28000"
"2017-11-01","염포동","현대1차","11000"
"2017-11-01","염포동","염포성원상떼빌","18000"
"2017-11-01","온양읍 발리","여울목","25000"
"2017-11-01","온양읍 대안리","울산온양대우","12500"
"2017-11-01","범서읍 천상리","경동태원하이빌","13700"
"2017-11-01","범서읍 천상리","청구(그린타운)1차","13800"
"2017-11-01","범서읍 천상리","그린코아","23000"
"2017-11-01","범서읍 굴화리","문수산 더샵","41150"
"2017-11-01","범서읍 구영리","구영지구푸르지오1단지","32500"
"2017-11-01","청량면 삼정리","쌍용하나빌리지","13700"
"2017-11-01","상북면 궁근정리","진우훼밀리아","10000"
"2017-11-01","삼남면 교동리","경동우신알프스타운","15500"
"2017-11-01","한솔동","퍼스트프라임1단지","39000"
"2017-11-01","어진동","호수의 아침","7400"
"2017-11-01","종촌동","중흥센텀파크2차(가재마을12단지)","41000"
"2017-11-01","종촌동","가재7단지 중흥S클래스 센텀파크1차","41000"
"2017-11-01","아름동","대우푸르지오(10단지)","32800"
"2017-11-01","아름동","범지기마을3단지(중흥에듀하이)","39000"
"2017-11-01","조치원읍 신흥리","신흥주공","13000"
"2017-11-01","조치원읍 신흥리","신흥주공","11500"
"2017-11-01","조치원읍 신흥리","신흥대우푸르지오","26000"
"2017-11-01","조치원읍 죽림리","조치원죽림자이","17300"
"2017-11-01","조치원읍 죽림리","신동아","9500"
"2017-11-01","조치원읍 신안리","세종e편한세상","21800"
"2017-11-01","부강면 부강리","대신하나로","7800"
"2017-11-01","정자동","수원 SK SKY VIEW","32900"
"2017-11-01","정자동","동신1단지","13810"
"2017-11-01","이목동","수원장안힐스테이트","31900"
"2017-11-01","이목동","수원장안힐스테이트","31800"
"2017-11-01","천천동","천천푸르지오","46800"
"2017-11-01","조원동","한일타운태영","38700"
"2017-11-01","고색동","연안","11800"
"2017-11-01","고색동","연안","11500"
"2017-11-01","오목천동","서희스타힐스","28700"
"2017-11-01","서둔동","센트라우스","35000"
"2017-11-01","서둔동","센트라우스","34700"
"2017-11-01","서둔동","센트라우스","34500"
"2017-11-01","서둔동","센트라우스","33500"
"2017-11-01","서둔동","센트라우스","33600"
"2017-11-01","금곡동","칠보마을6단지","33900"
"2017-11-01","호매실동","능실마을19단지 호매실스위첸","28300"
"2017-11-01","호매실동","신미주","15900"
"2017-11-01","호매실동","능실마을19단지 호매실스위첸","28900"
"2017-11-01","권선동","벽산","38300"
"2017-11-01","권선동","권선SKVIEW","38200"
"2017-11-01","권선동","수원아이파크시티9단지","24800"
"2017-11-01","권선동","상록3단지","25800"
"2017-11-01","권선동","수원아이파크시티2단지","39900"
"2017-11-01","입북동","서수원자이","29000"
"2017-11-01","입북동","웅비","9200"
"2017-11-01","매교동","문화맨션","17100"
"2017-11-01","고등동","해창","18800"
"2017-11-01","화서동","성원쌍떼빌","20500"
"2017-11-01","화서동","성원쌍떼빌","19500"
"2017-11-01","화서동","화서블루밍푸른숲","40800"
"2017-11-01","화서동","수원화서역 동문굿모닝힐","38900"
"2017-11-01","우만동","우만주공4단지","13900"
"2017-11-01","인계동","선경3","23000"
"2017-11-01","인계동","전원","22700"
"2017-11-01","인계동","영광","19800"
"2017-11-01","인계동","한화꿈에그린파크","59946"
"2017-11-01","매탄동","삼성1","21800"
"2017-11-01","매탄동","매탄위브하늘채","44600"
"2017-11-01","매탄동","원천성일","19000"
"2017-11-01","매탄동","주공그린빌4","33000"
"2017-11-01","매탄동","삼성1","22300"
"2017-11-01","매탄동","삼성2","20800"
"2017-11-01","매탄동","성일","19300"
"2017-11-01","이의동","자연앤힐스테이트","76000"
"2017-11-01","이의동","광교2차e편한세상","55700"
"2017-11-01","영통동","황골마을주공1","24100"
"2017-11-01","영통동","벽적골두산","26400"
"2017-11-01","영통동","벽적골휴먼시아9단지","25800"
"2017-11-01","영통동","영통아이파크","34000"
"2017-11-01","신동","래미안 영통마크원 2단지","42400"
"2017-11-01","태평동","신세계쉐덴","43000"
"2017-11-01","성남동","부남프라자","27000"
"2017-11-01","상대원동","성지","11000"
"2017-11-01","하대원동","아튼빌","41900"
"2017-11-01","하대원동","성원초원","27500"
"2017-11-01","분당동","샛별마을(동성)","65700"
"2017-11-01","수내동","파크타운(대림)","49500"
"2017-11-01","정자동","분당더샵스타파크","84500"
"2017-11-01","야탑동","탑마을(선경)1","62700"
"2017-11-01","야탑동","매화마을공무원2","33000"
"2017-11-01","판교동","판교원마을9단지(한림풀에버)","74800"
"2017-11-01","금곡동","청솔마을(주공9단지)","32900"
"2017-11-01","금곡동","두산위브트레지움","80500"
"2017-11-01","운중동","산운마을13단지(태영)일부임대","78750"
"2017-11-01","운중동","산운마을14단지(경남아너스빌)","84000"
"2017-11-01","의정부동","신한헤스티아","8800"
"2017-11-01","의정부동","신한헤스티아","9000"
"2017-11-01","호원동","삼익","24000"
"2017-11-01","호원동","신도6","33000"
"2017-11-01","호원동","신도5","25700"
"2017-11-01","호원동","한주4","19200"
"2017-11-01","신곡동","주공그린빌4","21500"
"2017-11-01","신곡동","신곡건영","18800"
"2017-11-01","용현동","용현주공","17400"
"2017-11-01","용현동","용현주공","18000"
"2017-11-01","용현동","송산주공1단지","17500"
"2017-11-01","용현동","용현동건영캐스빌","20500"
"2017-11-01","용현동","신도브래뉴지역주택조합","23300"
"2017-11-01","용현동","송산주공1단지","15300"
"2017-11-01","민락동","산들마을4단지아이파크","23500"
"2017-11-01","민락동","산들마을4단지아이파크","36000"
"2017-11-01","민락동","산들마을4단지아이파크","28000"
"2017-11-01","가능동","궁전","18000"
"2017-11-01","안양동","진흥(97-3)","28700"
"2017-11-01","안양동","진흥(97-3)","32700"
"2017-11-01","안양동","영화아이닉스","28000"
"2017-11-01","박달동","한신휴플러스3차","36300"
"2017-11-01","비산동","한화꿈에그린","41000"
"2017-11-01","비산동","화남8","18000"
"2017-11-01","비산동","성원","19000"
"2017-11-01","비산동","미륭","34800"
"2017-11-01","관양동","공작아파트","26400"
"2017-11-01","관양동","공작아파트","39300"
"2017-11-01","관양동","한가람(신라)","25400"
"2017-11-01","관양동","파인빌","11000"
"2017-11-01","관양동","파인빌","10900"
"2017-11-01","평촌동","인덕원대우","52000"
"2017-11-01","호계동","목련경남","63500"
"2017-11-01","호계동","HHI브라운빌3차","31050"
"2017-11-01","호계동","목련우성","37000"
"2017-11-01","호계동","HHI브라운빌3차","31850"
"2017-11-01","호계동","무궁화건영캐스빌","29500"
"2017-11-01","호계동","샘마을임광","55000"
"2017-11-01","심곡동","가온팰리스","9900"
"2017-11-01","심곡동","가온팰리스","9900"
"2017-11-01","심곡동","영동홈타운","8900"
"2017-11-01","심곡동","노마즈하우스","8550"
"2017-11-01","역곡동","역곡3차한양수자인(301동)","36200"
"2017-11-01","중동","한라마을(주공2)","17000"
"2017-11-01","중동","리첸시아중동","108000"
"2017-11-01","중동","덕유마을(주공4)","28450"
"2017-11-01","중동","덕유마을(주공3)","28850"
"2017-11-01","중동","설악마을(주공)","23200"
"2017-11-01","중동","그린타운(금호)","37100"
"2017-11-01","상동","스타팰리스2","26000"
"2017-11-01","상동","행복한마을(서해)","56000"
"2017-11-01","상동","라일락마을(대우유림)","44000"
"2017-11-01","소사본동","소새울KCC스위첸","46350"
"2017-11-01","소사본동","진양","11000"
"2017-11-01","소사본동","부천소사역푸르지오","37000"
"2017-11-01","범박동","범박휴먼시아2단지","38700"
"2017-11-01","범박동","부천범박힐스테이트 6단지","29000"
"2017-11-01","송내동","뉴서울","42700"
"2017-11-01","오정동","창보","22500"
"2017-11-01","오정동","오정생활휴먼시아1단지","31300"
"2017-11-01","고강동","대진","14500"
"2017-11-01","광명동","상우3차","32800"
"2017-11-01","철산동","주공12","42300"
"2017-11-01","하안동","주공10","18000"
"2017-11-01","하안동","두산위브트레지움","69800"
"2017-11-01","하안동","주공1","27000"
"2017-11-01","하안동","주공3","28500"
"2017-11-01","하안동","주공1","19000"
"2017-11-01","칠원동","동광","14000"
"2017-11-01","이충동","현대(이충)","23500"
"2017-11-01","합정동","주공","13000"
"2017-11-01","합정동","주공4","13600"
"2017-11-01","비전동","동아목련","18500"
"2017-11-01","비전동","비전 경남아너스빌","25000"
"2017-11-01","비전동","시대한우리","14000"
"2017-11-01","비전동","태산","16800"
"2017-11-01","세교동","태영청솔","14850"
"2017-11-01","세교동","부영1","13400"
"2017-11-01","용이동","e편한세상평택","29700"
"2017-11-01","팽성읍 안정리","평택브라운스톤험프리스","28400"
"2017-11-01","팽성읍 송화리","송화지구우미이노스빌","21300"
"2017-11-01","팽성읍 송화리","송화지구우미이노스빌","20500"
"2017-11-01","안중읍 현화리","늘푸른사랑마을","14400"
"2017-11-01","안중읍 현화리","성원","15300"
"2017-11-01","지행동","하이텍(292-10)","4400"
"2017-11-01","지행동","지행주공1단지","10650"
"2017-11-01","생연동","부영1단지","17700"
"2017-11-01","생연동","명품하우스","7000"
"2017-11-01","이동","푸르지오2차","36500"
"2017-11-01","사동","안산고잔6차푸르지오","38500"
"2017-11-01","사동","본오","13400"
"2017-11-01","사동","안산고잔7차푸르지오","34200"
"2017-11-01","본오동","반월한양","20000"
"2017-11-01","본오동","월드","20800"
"2017-11-01","성포동","안산현대1","15000"
"2017-11-01","성포동","예술인","21000"
"2017-11-01","성포동","안산현대1","14600"
"2017-11-01","고잔동","푸르지오3차","40500"
"2017-11-01","초지동","주공그린빌11","31500"
"2017-11-01","원곡동","안산8차푸르지오","30000"
"2017-11-01","선부동","군자주공14","14900"
"2017-11-01","선부동","수정한양","31000"
"2017-11-01","선부동","군자주공15(저층)","15920"
"2017-11-01","선부동","수정한양","31800"
"2017-11-01","주교동","은하","11600"
"2017-11-01","성사동","원당대림e-편한세상","38500"
"2017-11-01","관산동","신성","20000"
"2017-11-01","토당동","대림2","27000"
"2017-11-01","화정동","달빛마을(부영)2","18950"
"2017-11-01","화정동","은빛마을6단지","55500"
"2017-11-01","화정동","은빛마을11단지","21000"
"2017-11-01","행신동","햇빛마을주공20","24300"
"2017-11-01","행신동","햇빛마을주공20","22000"
"2017-11-01","행신동","샘터주공2","24500"
"2017-11-01","행신동","샘터주공2","18500"
"2017-11-01","행신동","햇빛주공23","24000"
"2017-11-01","행신동","무원마을(쌍용)5","43400"
"2017-11-01","식사동","위시티일산자이2단지","50000"
"2017-11-01","식사동","은행마을2(동문)","27500"
"2017-11-01","식사동","위시티블루밍5단지","44800"
"2017-11-01","식사동","위시티블루밍5단지","45500"
"2017-11-01","백석동","백송마을(두산)","25000"
"2017-11-01","백석동","백송마을(벽산)","21600"
"2017-11-01","백석동","일산요진와이시티","77807"
"2017-11-01","풍동","숲속마을3단지(뜨란채)","32500"
"2017-11-01","일산동","일산메가씨티","8900"
"2017-11-01","일산동","푸르지오","29600"
"2017-11-01","일산동","후곡마을(현대3)","42700"
"2017-11-01","일산동","후곡마을(건영15)","31400"
"2017-11-01","일산동","푸르지오","29700"
"2017-11-01","일산동","후곡마을(현대18)","24400"
"2017-11-01","일산동","후곡마을(동신)","50700"
"2017-11-01","일산동","일산중앙가든","11500"
"2017-11-01","주엽동","강선마을한양","16500"
"2017-11-01","주엽동","문촌마을(우성)1","29500"
"2017-11-01","탄현동","탄현마을효성","27900"
"2017-11-01","덕이동","동문2","23600"
"2017-11-01","원문동","래미안슈르","55000"
"2017-11-01","인창동","동원베네스트","30250"
"2017-11-01","인창동","동원베네스트","34450"
"2017-11-01","인창동","주공4-2","30200"
"2017-11-01","교문동","하나(한성)","47500"
"2017-11-01","토평동","유진스웰","36000"
"2017-11-01","토평동","유진스웰","48700"
"2017-11-01","호평동","호평마을한화꿈에그린","32500"
"2017-11-01","호평동","호평마을중흥에스-클래스","26200"
"2017-11-01","호평동","호평마을금강","30550"
"2017-11-01","호평동","호평마을우미이노스빌","30300"
"2017-11-01","호평동","호평마을우미이노스빌","29700"
"2017-11-01","평내동","효성타운","29000"
"2017-11-01","평내동","세종리젠시빌","22700"
"2017-11-01","평내동","평내마을중흥에스-클래스(2단지)","28350"
"2017-11-01","평내동","평내마을평내1차대주파크빌","25500"
"2017-11-01","평내동","평내마을주공","21550"
"2017-11-01","평내동","진주(2단지)","11000"
"2017-11-01","도농동","부영e그린1차","41000"
"2017-11-01","도농동","도농센트레빌","42000"
"2017-11-01","도농동","도농센트레빌","42500"
"2017-11-01","도농동","부영e그린2차","43000"
"2017-11-01","별내동","한화꿈에그린더스타","45500"
"2017-11-01","와부읍 덕소리","코오롱","25400"
"2017-11-01","와부읍 덕소리","동부센트레빌","47000"
"2017-11-01","와부읍 도곡리","한강우성","26400"
"2017-11-01","와부읍 도곡리","건영덕소리버파크","32400"
"2017-11-01","진접읍 내각리","한신","20000"
"2017-11-01","진접읍 내각리","우남","11200"
"2017-11-01","진접읍 진벌리","신창비바패밀리","19000"
"2017-11-01","진접읍 금곡리","자연&어울림","28300"
"2017-11-01","진접읍 금곡리","부영사랑으로","27000"
"2017-11-01","화도읍 창현리","현대2","14500"
"2017-11-01","화도읍 창현리","신명","16300"
"2017-11-01","오남읍 오남리","한국1","15000"
"2017-11-01","오남읍 오남리","진주(1단지)","7300"
"2017-11-01","퇴계원면 퇴계원리","강남건영","37800"
"2017-11-01","퇴계원면 퇴계원리","강남건영","21000"
"2017-11-01","오산동","주공2단지","23000"
"2017-11-01","원동","오산원동힐스테이트","26200"
"2017-11-01","원동","대우푸르지오","22000"
"2017-11-01","원동","우경싸이트빌","13900"
"2017-11-01","궐동","대우","19150"
"2017-11-01","수청동","대우","10900"
"2017-11-01","세교동","잔다리마을 1단지(True)","27400"
"2017-11-01","청호동","오산자이","24000"
"2017-11-01","갈곶동","우방","19200"
"2017-11-01","갈곶동","오산KCC스위첸","24500"
"2017-11-01","대야동","영남2","12700"
"2017-11-01","대야동","서해","17500"
"2017-11-01","대야동","진양3차","14846"
"2017-11-01","신천동","경남아너스빌아파트","30000"
"2017-11-01","미산동","부국미산아파트(1~3동)","6000"
"2017-11-01","은행동","시흥성원샹떼빌","15900"
"2017-11-01","하중동","관곡마을성원","15500"
"2017-11-01","조남동","엘에이치퍼스트리움","32000"
"2017-11-01","거모동","동보","6600"
"2017-11-01","거모동","동보","6700"
"2017-11-01","거모동","동보","6600"
"2017-11-01","월곶동","월곶Ⅱ유호N플러스빌","26300"
"2017-11-01","월곶동","월곶4차풍림아이원","25000"
"2017-11-01","월곶동","풍림아이원2차","15600"
"2017-11-01","정왕동","세종1","31000"
"2017-11-01","정왕동","주공4","16900"
"2017-11-01","정왕동","동보","21000"
"2017-11-01","정왕동","월드","15500"
"2017-11-01","정왕동","계룡리슈빌","18000"
"2017-11-01","정왕동","영남1","19000"
"2017-11-01","정왕동","서해1","25800"
"2017-11-01","정왕동","대림4","31000"
"2017-11-01","정왕동","동원","24000"
"2017-11-01","당정동","당정마을엘지","36800"
"2017-11-01","당정동","대원칸타빌(1023-1)","36000"
"2017-11-01","산본동","매화","23500"
"2017-11-01","산본동","주몽2-10","20600"
"2017-11-01","금정동","충무주공(872)","22000"
"2017-11-01","금정동","퇴계주공(360~368동)","16500"
"2017-11-01","금정동","율곡","27000"
"2017-11-01","대야미동","대림e-편한세상","36800"
"2017-11-01","삼동","대우장미","19300"
"2017-11-01","삼동","삼호한아름2차(201동)","20500"
"2017-11-01","삼동","삼호한아름2차(201동)","26500"
"2017-11-01","오전동","의왕모락산동문굿모닝힐","34000"
"2017-11-01","오전동","의왕모락산동문굿모닝힐","35600"
"2017-11-01","내손동","포일자이2단지","56300"
"2017-11-01","내손동","포일자이2단지","67500"
"2017-11-01","내손동","반도보라빌리지1","55000"
"2017-11-01","내손동","대원칸타빌1","39000"
"2017-11-01","내손동","의왕내손e편한세상","46000"
"2017-11-01","포일동","포일숲속마을5단지","67900"
"2017-11-01","신장동","성원상떼빌","11300"
"2017-11-01","덕풍동","금강KCC","38000"
"2017-11-01","덕풍동","벽산블루밍","42000"
"2017-11-01","덕풍동","덕풍현대","26300"
"2017-11-01","덕풍동","하남풍산아이파크(1단지)","51500"
"2017-11-01","역북동","신성","19000"
"2017-11-01","삼가동","늘푸른오스카빌1단지","17000"
"2017-11-01","삼가동","풍림","16500"
"2017-11-01","유방동","인정프린스3","13000"
"2017-11-01","고림동","보평마을삼정그린뷰","17500"
"2017-11-01","포곡읍 삼계리","계수마을수목원우림필유","19500"
"2017-11-01","모현면 왕산리","용인 모현 스위첸","28800"
"2017-11-01","이동면 송전리","송전마을 세광엔리치타워","19200"
"2017-11-01","이동면 송전리","송전마을 세광엔리치타워","18500"
"2017-11-01","신갈동","녹원마을새천년5단지","32000"
"2017-11-01","신갈동","기흥역 롯데캐슬 스카이","36500"
"2017-11-01","구갈동","풍림(저층)","20800"
"2017-11-01","공세동","대주피오레2단지","44000"
"2017-11-01","공세동","불곡마을(벽산블루밍)","23900"
"2017-11-01","서천동","서천마을휴먼시아4단지","32800"
"2017-11-01","영덕동","영통빌리지","25600"
"2017-11-01","언남동","하마비마을동일하이빌1","35200"
"2017-11-01","마북동","연원마을삼호벽산","37000"
"2017-11-01","동백동","호수마을서해그랑블","35300"
"2017-11-01","중동","어은목마을 벽산블루밍아파트","33500"
"2017-11-01","중동","신동백 서해그랑블 2차","35500"
"2017-11-01","중동","어은목마을코아루","32900"
"2017-11-01","보정동","신촌마을포스홈타운1단지","50700"
"2017-11-01","보정동","보정동 샬레 파인 비스타","36500"
"2017-11-01","풍덕천동","현대성우8차","36000"
"2017-11-01","풍덕천동","신정마을현대프라임","50000"
"2017-11-01","풍덕천동","신정마을주공9","39600"
"2017-11-01","풍덕천동","신정마을주공1","38600"
"2017-11-01","풍덕천동","진산마을삼성5차","44000"
"2017-11-01","풍덕천동","수지진산마을푸르지오","45500"
"2017-11-01","풍덕천동","신정마을주공9","31900"
"2017-11-01","풍덕천동","삼익아파트","26500"
"2017-11-01","풍덕천동","현대","38000"
"2017-11-01","풍덕천동","수지진산마을푸르지오","50000"
"2017-11-01","죽전동","성현마을우미이노스빌","33800"
"2017-11-01","죽전동","벽산타운2단지","48000"
"2017-11-01","죽전동","성현마을우미이노스빌","31250"
"2017-11-01","죽전동","도담마을죽전파크빌","30000"
"2017-11-01","죽전동","도담마을푸르지오","46800"
"2017-11-01","죽전동","꽃메마을현대홈타운(4차3단지)","42700"
"2017-11-01","죽전동","도담마을 아이파크","36350"
"2017-11-01","죽전동","성현마을우미이노스빌","33800"
"2017-11-01","죽전동","벽산타운4단지","42200"
"2017-11-01","동천동","우미이노스빌","40000"
"2017-11-01","동천동","동천현대2홈타운","45000"
"2017-11-01","동천동","수진마을2단지효성화운트빌","54000"
"2017-11-01","동천동","행림마을진로","32300"
"2017-11-01","동천동","동천현대2홈타운","43300"
"2017-11-01","동천동","동천파크뷰","9900"
"2017-11-01","신봉동","신봉동일하이빌 2단지","56500"
"2017-11-01","신봉동","신봉동일하이빌 3단지","41300"
"2017-11-01","신봉동","신봉동일하이빌 2단지","51500"
"2017-11-01","신봉동","신봉마을엘지자이1","45000"
"2017-11-01","신봉동","신봉동일하이빌 2단지","48500"
"2017-11-01","신봉동","서홍마을4","37900"
"2017-11-01","신봉동","신봉동일하이빌 2단지","50500"
"2017-11-01","신봉동","신봉동일하이빌 2단지","50000"
"2017-11-01","성복동","성동마을수지자이","57000"
"2017-11-01","성복동","버들치마을경남아너스빌1차","45300"
"2017-11-01","상현동","상현마을성원상떼빌","54000"
"2017-11-01","상현동","만현마을동보2차","33250"
"2017-11-01","상현동","상현마을성원상떼빌","41000"
"2017-11-01","금촌동","금촌주공7단지(1019-0)","28400"
"2017-11-01","야당동","한빛마을 5단지 캐슬앤칸타빌","38800"
"2017-11-01","야당동","한라비발디 센트럴파크(981)","42500"
"2017-11-01","목동동","해솔마을 2단지 월드메르디앙(2-117)","25000"
"2017-11-01","목동동","해솔마을3단지운정현대","27800"
"2017-11-01","목동동","해솔마을 5단지 삼부르네상스(679)","33500"
"2017-11-01","문산읍 당동리","파주한양수자인리버팰리스아파트","24800"
"2017-11-01","문산읍 당동리","파주한양수자인리버팰리스아파트","23800"
"2017-11-01","문산읍 당동리","자연앤꿈에그린5단지아파트","22400"
"2017-11-01","조리읍 봉일천리","성호(125-22)","17500"
"2017-11-01","조리읍 봉일천리","파주 푸르지오 (269-0)","26500"
"2017-11-01","조리읍 봉일천리","동원(157-18)","8800"
"2017-11-01","광탄면 신산리","동신라메르","16000"
"2017-11-01","관고동","두산","21000"
"2017-11-01","중리동","고려중리","14800"
"2017-11-01","안흥동","안흥주공","14450"
"2017-11-01","증포동","설봉2차 푸르지오","44700"
"2017-11-01","증포동","신한","23000"
"2017-11-01","증포동","선경2","22400"
"2017-11-01","증포동","선경2","16600"
"2017-11-01","송정동","수림1차임대아파트","21500"
"2017-11-01","장호원읍 진암리","현대","10900"
"2017-11-01","부발읍 신원리","신세계","5000"
"2017-11-01","부발읍 신하리","청구","16500"
"2017-11-01","부발읍 아미리","현대성우오스타3단지","32500"
"2017-11-01","부발읍 아미리","현대성우오스타4단지","32800"
"2017-11-01","부발읍 응암리","이화1차","7400"
"2017-11-01","부발읍 응암리","주은다솜","7400"
"2017-11-01","부발읍 응암리","이화1차","7400"
"2017-11-01","대월면 사동리","성창","7200"
"2017-11-01","공도읍 양기리","송정그린빌","15000"
"2017-11-01","공도읍 용두리","태산1차","11200"
"2017-11-01","공도읍 만정리","안성공도KCC스위첸","26900"
"2017-11-01","공도읍 만정리","안성공도KCC스위첸","21700"
"2017-11-01","보개면 기좌리","리치타운","8700"
"2017-11-01","보개면 기좌리","리치타운","8650"
"2017-11-01","금광면 신양복리","홍익","7450"
"2017-11-01","금광면 신양복리","홍익","10000"
"2017-11-01","일죽면 송천리","일죽아이시타운","10500"
"2017-11-01","죽산면 장원리","지에프","8500"
"2017-11-01","북변동","산호","17000"
"2017-11-01","운양동","김포 한강신도시 반도유보라 2차","35000"
"2017-11-01","운양동","김포 한강신도시 반도유보라 2차","31900"
"2017-11-01","운양동","풍경마을 래미안 한강2차","39900"
"2017-11-01","운양동","풍경마을 래미안 한강2차","39800"
"2017-11-01","장기동","청송마을(현대2)","29750"
"2017-11-01","장기동","초당마을(우미린)","45000"
"2017-11-01","장기동","수정마을(쌍용예가)","33000"
"2017-11-01","장기동","한강현대성우오스타","39500"
"2017-11-01","장기동","고창마을(케이씨씨스위첸)","27450"
"2017-11-01","장기동","수정마을(쌍용예가)","35000"
"2017-11-01","장기동","한강호반베르디움","26600"
"2017-11-01","장기동","수정마을(쌍용예가)","31800"
"2017-11-01","장기동","수정마을(쌍용예가)","33400"
"2017-11-01","장기동","수정마을(쌍용예가)","35000"
"2017-11-01","감정동","신한","8300"
"2017-11-01","풍무동","유현마을(신동아)","26300"
"2017-11-01","풍무동","장릉마을(삼성쉐르빌)","20000"
"2017-11-01","풍무동","당곡마을(월드메르디앙)","22900"
"2017-11-01","풍무동","대림e-편한세상","26600"
"2017-11-01","풍무동","당곡마을(월드메르디앙)","26800"
"2017-11-01","고촌읍 신곡리","수기마을힐스테이트1단지","50000"
"2017-11-01","진안동","진안골마을주공10단지","19600"
"2017-11-01","병점동","느치미마을2단지","20500"
"2017-11-01","병점동","느치미마을2단지","17800"
"2017-11-01","병점동","병점성호","16000"
"2017-11-01","병점동","대창","17000"
"2017-11-01","병점동","안화동마을주공7단지","19000"
"2017-11-01","능동","자연앤데시앙","25500"
"2017-11-01","능동","푸른마을 모아미래도","30500"
"2017-11-01","반월동","신영통현대2차","25000"
"2017-11-01","반월동","에스케이뷰파크","25000"
"2017-11-01","기안동","기안마을풍성신미주","17300"
"2017-11-01","송산동","솔뫼마을한승미메이드","22200"
"2017-11-01","송산동","우남블루존","14200"
"2017-11-01","송산동","우남블루존","18000"
"2017-11-01","안녕동","다솜마을동문굿모닝힐","22000"
"2017-11-01","안녕동","다솜마을동문굿모닝힐","22400"
"2017-11-01","반송동","시범한빛마을동탄아이파크","43000"
"2017-11-01","반송동","시범다은마을우남퍼스트빌","37000"
"2017-11-01","반송동","나루마을한화꿈에그린","38000"
"2017-11-01","반송동","나루마을한화꿈에그린우림필유","34000"
"2017-11-01","석우동","푸르지오","40000"
"2017-11-01","석우동","푸르지오","31000"
"2017-11-01","오산동","풍성신미주","31000"
"2017-11-01","봉담읍 와우리","수성효성","11750"
"2017-11-01","향남읍 발안리","발안마을주공","15000"
"2017-11-01","향남읍 행정리","향남시범넓은마을향남지웰2차","32500"
"2017-11-01","향남읍 행정리","살구꽃마을 제일오투그란데","34800"
"2017-11-01","향남읍 행정리","향남시범 넓은들마을 에일린의뜰","29100"
"2017-11-01","남양읍 남양리","대광파인밸리","9985"
"2017-11-01","남양읍 남양리","대광파인밸리","14095"
"2017-11-01","남양읍 남양리","대광파인밸리","14095"
"2017-11-01","남양읍 무송리","금광포란재","14000"
"2017-11-01","쌍령동","현대모닝사이드2","23100"
"2017-11-01","탄벌동","동보","23350"
"2017-11-01","태전동","성원2","24900"
"2017-11-01","오포읍 고산리","우림(Lumiart)","21000"
"2017-11-01","오포읍 문형리","오포우림퓨전빌","19500"
"2017-11-01","오포읍 양벌리","대주파크빌1차C블럭","20000"
"2017-11-01","초월읍 쌍동리","초월롯데낙천대2","31800"
"2017-11-01","곤지암읍 곤지암리","쌍용2","23400"
"2017-11-01","곤지암읍 곤지암리","엘지","19000"
"2017-11-01","곤지암읍 삼리","곤지암킴스빌리지","12500"
"2017-11-01","삼숭동","양주자이(7단지)","27200"
"2017-11-01","삼숭동","성우(아침의미소)","14000"
"2017-11-01","삼숭동","양주자이3단지","18500"
"2017-11-01","덕정동","양주서희스타힐스2단지","20000"
"2017-11-01","덕정동","주공1(은동마을)","19000"
"2017-11-01","고암동","주원마을(주공2단지)","12000"
"2017-11-01","고암동","덕정중흥에스클래스","30300"
"2017-11-01","고암동","덕정중흥에스클래스","30900"
"2017-11-01","회정동","양주회정범양","19150"
"2017-11-01","백석읍 방성리","대교산과내","13000"
"2017-11-01","백석읍 가업리","동화5차옥시죤","16900"
"2017-11-01","장흥면 부곡리","우남송추마을","18250"
"2017-11-01","신읍동","한신","10200"
"2017-11-01","소흘읍 송우리","한국개나리","11500"
"2017-11-01","소흘읍 송우리","태봉마을","21400"
"2017-11-01","소흘읍 초가팔리","상운","10200"
"2017-11-01","신북면 가채리","골든주택","6450"
"2017-11-01","신북면 기지리","후레쉬빌","7200"
"2017-11-01","신북면 기지리","신포천","4800"
"2017-11-01","교동","강남","14000"
"2017-11-01","오학동","여주오드카운티","24000"
"2017-11-01","가남읍 신해리","현진에버빌-1","10000"
"2017-11-01","양평읍 양근리","코아루리버팰리스","39500"
"2017-11-01","양평읍 양근리","현대성우오스타 코아루 주상복합","34000"
"2017-11-01","양평읍 양근리","양평현대","22000"
"2017-11-01","양평읍 양근리","제이파크","19450"
"2017-11-01","양평읍 공흥리","행복마을(공흥주공)","15000"
"2017-11-01","양평읍 백안리","블루밍2단지","27700"
"2017-11-01","양평읍 백안리","블루밍2단지","23850"
"2017-11-01","강상면 병산리","양평현대성우(1단지)","27000"
"2017-11-01","강상면 병산리","양평현대성우(1단지)","24700"
"2017-11-01","강상면 병산리","양평현대성우(3단지)","24200"
"2017-11-01","효자동","동보","6000"
"2017-11-01","소양로2가","소양로현대","12000"
"2017-11-01","근화동","청와","8550"
"2017-11-01","사농동","현대","18100"
"2017-11-01","사농동","춘천뉴시티코아루","23200"
"2017-11-01","후평동","세경4차","5800"
"2017-11-01","후평동","세경4차","5700"
"2017-11-01","후평동","세경4차","5800"
"2017-11-01","후평동","세경4차","5650"
"2017-11-01","후평동","주공4","9000"
"2017-11-01","후평동","춘천더샵","24850"
"2017-11-01","후평동","봉의","4200"
"2017-11-01","후평동","세경4차","7500"
"2017-11-01","후평동","세경4차","7500"
"2017-11-01","후평동","세경4차","7500"
"2017-11-01","후평동","세경4차","7700"
"2017-11-01","후평동","동아","17200"
"2017-11-01","후평동","주공5","10300"
"2017-11-01","후평동","세경3차","7400"
"2017-11-01","후평동","동산","11000"
"2017-11-01","후평동","주공5","9800"
"2017-11-01","후평동","주공6","10700"
"2017-11-01","후평동","에리트","11200"
"2017-11-01","후평동","초록지붕6차","16500"
"2017-11-01","퇴계동","한주","18000"
"2017-11-01","퇴계동","금호2차","16400"
"2017-11-01","퇴계동","퇴계주공1차","15500"
"2017-11-01","퇴계동","금호2차","16700"
"2017-11-01","퇴계동","현대","17900"
"2017-11-01","퇴계동","일성2","18800"
"2017-11-01","동내면 거두리","부영1차","20000"
"2017-11-01","동내면 거두리","부영2차","20700"
"2017-11-01","동내면 거두리","부영2차","21300"
"2017-11-01","남산면 창촌리","근로자임대","2750"
"2017-11-01","개운동","개운현대","7400"
"2017-11-01","단구동","선아","8000"
"2017-11-01","단구동","해청","13500"
"2017-11-01","단구동","청솔4차","10400"
"2017-11-01","단계동","동보렉스3","8800"
"2017-11-01","우산동","원주신일유토빌","18000"
"2017-11-01","태장동","태장주공2","13200"
"2017-11-01","태장동","진우","7500"
"2017-11-01","태장동","금광포란재1단지","13500"
"2017-11-01","태장동","현대","12500"
"2017-11-01","태장동","상록","5300"
"2017-11-01","태장동","진우","7000"
"2017-11-01","태장동","대흥2","8500"
"2017-11-01","태장동","뉴스테이아파트","7400"
"2017-11-01","태장동","영진2","9400"
"2017-11-01","태장동","백운2차","3750"
"2017-11-01","태장동","금광포란재1단지","12000"
"2017-11-01","봉산동","아포리배말타운","21500"
"2017-11-01","행구동","효성백년가약","28000"
"2017-11-01","무실동","베스파타운무실주공4","19800"
"2017-11-01","무실동","무실주공3단지","18800"
"2017-11-01","무실동","원주시 무실 세영리첼 1차","36500"
"2017-11-01","무실동","원주시 무실 세영리첼 2차","31500"
"2017-11-01","무실동","원주무실6단지휴먼시아","27000"
"2017-11-01","관설동","청솔6차","10400"
"2017-11-01","반곡동","반곡벽산블루밍1차","25500"
"2017-11-01","호저면 만종리","대보","7500"
"2017-11-01","흥업면 흥업리","남원주두산위브","21000"
"2017-11-01","교동","삼정","10600"
"2017-11-01","교동","교동이-편한세상","29800"
"2017-11-01","교동","부영3차","20000"
"2017-11-01","교동","부영6","18300"
"2017-11-01","교동","현대하이빌","24700"
"2017-11-01","교동","서일2","4100"
"2017-11-01","포남동","청송","17000"
"2017-11-01","포남동","일송","10000"
"2017-11-01","포남동","서일임대","3100"
"2017-11-01","포남동","미진맨션2","12000"
"2017-11-01","초당동","초당동청마루","28000"
"2017-11-01","초당동","우성","15000"
"2017-11-01","송정동","삼우은성","11700"
"2017-11-01","견소동","신도브래뉴","17500"
"2017-11-01","노암동","양우내안애","20000"
"2017-11-01","노암동","양우내안애","15700"
"2017-11-01","입암동","입암6주공","13400"
"2017-11-01","입암동","입암5주공","8000"
"2017-11-01","입암동","입암6주공","10900"
"2017-11-01","지변동","덕원임대","8200"
"2017-11-01","연곡면 영진리","삼우그린","7000"
"2017-11-01","천곡동","한양3차","7400"
"2017-11-01","천곡동","중앙","9000"
"2017-11-01","천곡동","시영3차","5400"
"2017-11-01","천곡동","삼성","13000"
"2017-11-01","송정동","매화","3500"
"2017-11-01","효가동","유존양지","3700"
"2017-11-01","동회동","대동1,2차","6400"
"2017-11-01","동회동","대동3차","14000"
"2017-11-01","동회동","대동3차","12100"
"2017-11-01","동회동","협성1차","6650"
"2017-11-01","부곡동","삼화미성","4500"
"2017-11-01","부곡동","선샤인파크","12900"
"2017-11-01","발한동","경민2차","5200"
"2017-11-01","발한동","우석1차","2400"
"2017-11-01","구미동","유성타워","6900"
"2017-11-01","이도동","강변","6800"
"2017-11-01","이로동","동해규수방","3300"
"2017-11-01","이로동","동해규수방","3000"
"2017-11-01","황지동","대산하이츠빌","16300"
"2017-11-01","황지동","우석(106동-107동)","3000"
"2017-11-01","황지동","현대","8900"
"2017-11-01","문곡동","유브리안","10400"
"2017-11-01","동점동","동점","1500"
"2017-11-01","동명동","대명영랑호","15800"
"2017-11-01","청학동","금강","8200"
"2017-11-01","조양동","부영2","11600"
"2017-11-01","조양동","속초조양코아루","24800"
"2017-11-01","조양동","조양주공2","10250"
"2017-11-01","조양동","부영6","10600"
"2017-11-01","조양동","부영9","12500"
"2017-11-01","조양동","부영3","22500"
"2017-11-01","교동","교동청솔2차","8200"
"2017-11-01","건지동","코아루플러스","21500"
"2017-11-01","남양동","백조임대(348-7)","4850"
"2017-11-01","정상동","현진에버빌","23200"
"2017-11-01","정상동","석미","7200"
"2017-11-01","근덕면 교가리","행남","2800"
"2017-11-01","홍천읍 희망리","신아1차","3650"
"2017-11-01","홍천읍 희망리","신아2차","5350"
"2017-11-01","홍천읍 희망리","우신","2000"
"2017-11-01","홍천읍 연봉리","현대","17100"
"2017-11-01","봉평면 무이리","장웅파인힐","6600"
"2017-11-01","봉평면 무이리","장웅파인힐","6300"
"2017-11-01","대관령면 횡계리","동보","3580"
"2017-11-01","사북읍 사북리","도사곡주공2","3200"
"2017-11-01","신동읍 조동리","함백아파트","1000"
"2017-11-01","동송읍 오덕리","세륭","3050"
"2017-11-01","화천읍 아리","낙원","9400"
"2017-11-01","양구읍 상리","경림","6070"
"2017-11-01","양구읍 정림리","양구보배","11200"
"2017-11-01","인제읍 남북리","인제대희지센트","19000"
"2017-11-01","거진읍 송포리","거진오션상떼빌","19000"
"2017-11-01","양양읍 서문리","양양코아루","18400"
"2017-11-01","손양면 하왕도리","삼호","5500"
"2017-11-01","강현면 정암리","썬라이즈빌","10500"
"2017-11-01","탑동","엘에이치청주탑동","25000"
"2017-11-01","영운동","두산하이츠","2700"
"2017-11-01","금천동","삼일","9900"
"2017-11-01","금천동","경희","4500"
"2017-11-01","금천동","삼일","7500"
"2017-11-01","용담동","세영첼시빌","23500"
"2017-11-01","용암동","강변뜨란채","20500"
"2017-11-01","용암동","덕일마이빌","15000"
"2017-11-01","용암동","중흥마을부영(2542-0)","14200"
"2017-11-01","사직동","푸르지오캐슬(101~117)","26500"
"2017-11-01","사직동","푸르지오캐슬(501~508)","30700"
"2017-11-01","모충동","주공2","10300"
"2017-11-01","분평동","보성","13000"
"2017-11-01","분평동","분평주공3","12000"
"2017-11-01","분평동","분평주공2","12500"
"2017-11-01","수곡동","산남주공4단지 아파트","7000"
"2017-11-01","성화동","성화호반베르디움","31700"
"2017-11-01","개신동","삼익1","16500"
"2017-11-01","운천동","삼일무지개","5200"
"2017-11-01","가경동","가경이-편한세상","44698"
"2017-11-01","가경동","세원","12300"
"2017-11-01","복대동","덕성","3300"
"2017-11-01","복대동","세원느티마을","15650"
"2017-11-01","복대동","두진백로","16300"
"2017-11-01","복대동","덕성","2400"
"2017-11-01","복대동","현대2","17350"
"2017-11-01","복대동","현대2","16700"
"2017-11-01","복대동","두산위브지웰시티2차","37500"
"2017-11-01","복대동","아름다운나날2차","23000"
"2017-11-01","봉명동","푸른","8200"
"2017-11-01","강서동","미소랑2차아파트","6300"
"2017-11-01","비하동","효성아파트","11500"
"2017-11-01","비하동","대주피오레1차","22500"
"2017-11-01","비하동","효성아파트","12200"
"2017-11-01","오송읍 연제리","모아미래도","23000"
"2017-11-01","오송읍 연제리","오송상록 롯데캐슬","26300"
"2017-11-01","오송읍 연제리","오송상록 롯데캐슬","23000"
"2017-11-01","오송읍 연제리","오송상록 롯데캐슬","25000"
"2017-11-01","옥산면 오산리","옥산금정","3600"
"2017-11-01","내덕동","경희주택","2050"
"2017-11-01","율량동","대창3","5800"
"2017-11-01","사천동","신동아","15000"
"2017-11-01","사천동","덕성 그린 아파트","4000"
"2017-11-01","주성동","대원칸타빌3차아파트","33200"
"2017-11-01","내수읍 마산리","내수진흥임대아파트","3200"
"2017-11-01","내수읍 도원리","우창진주2","6700"
"2017-11-01","오창읍 창리","오창모아미래도와이드파크","19200"
"2017-11-01","오창읍 각리","중앙하이츠빌","14500"
"2017-11-01","교현동","교현","5500"
"2017-11-01","교현동","신원11","4300"
"2017-11-01","용산동","용산주공2차","9300"
"2017-11-01","칠금동","코오롱동신","16600"
"2017-11-01","칠금동","삼일","10000"
"2017-11-01","연수동","연수주공5차","6700"
"2017-11-01","연수동","낙원","6200"
"2017-11-01","연수동","세원","6700"
"2017-11-01","연수동","충주 연수 L팰리스 주상복합","22950"
"2017-11-01","연수동","두진1차","5400"
"2017-11-01","안림동","안림한영","3290"
"2017-11-01","문화동","럭키","15000"
"2017-11-01","주덕읍 신중리","주한","3350"
"2017-11-01","대소원면 본리","충주 코아루퍼스트 아파트","16170"
"2017-11-01","앙성면 용포리","한도(푸른마을)","4400"
"2017-11-01","청전동","두진백로","10200"
"2017-11-01","고암동","두진백로","9700"
"2017-11-01","고암동","홍인","8000"
"2017-11-01","고암동","두진백로","10700"
"2017-11-01","장락동","제천미림청솔","7350"
"2017-11-01","장락동","천일베리굿","13500"
"2017-11-01","신백동","극동2","8700"
"2017-11-01","봉양읍 미당리","미당한마음","7200"
"2017-11-01","옥천읍 금구리","꿈엔들","19529"
"2017-11-01","증평읍 신동리","증평주공2,3","6600"
"2017-11-01","증평읍 장동리","증평삼일","12200"
"2017-11-01","증평읍 증천리","한성","4600"
"2017-11-01","증평읍 증천리","한성","3500"
"2017-11-01","증평읍 초중리","일진뜨리에","9200"
"2017-11-01","증평읍 용강리","서호이타운","2300"
"2017-11-01","도안면 화성리","윤모아파트","1500"
"2017-11-01","진천읍 장관리","남해오네뜨","14500"
"2017-11-01","덕산면 합목리","나우하이빌","3250"
"2017-11-01","문백면 봉죽리","경향렉스빌","2400"
"2017-11-01","이월면 송림리","중앙","4000"
"2017-11-01","광혜원면 죽현리","갑을임대","5300"
"2017-11-01","광혜원면 광혜원리","광혜원코아루","17000"
"2017-11-01","광혜원면 광혜원리","목화2","8500"
"2017-11-01","음성읍 읍내리","신동아","9100"
"2017-11-01","금왕읍 무극리","명운네스트빌","20700"
"2017-11-01","금왕읍 본대리","광일","2600"
"2017-11-01","금왕읍 내송리","우원","3500"
"2017-11-01","맹동면 용촌리","음성미영황새마을","4500"
"2017-11-01","맹동면 동성리","충북혁신도시 LH쌍용예가","16800"
"2017-11-01","맹동면 동성리","충북혁신도시 LH쌍용예가","18000"
"2017-11-01","맹동면 동성리","충북혁신도시 LH쌍용예가","15000"
"2017-11-01","대소면 태생리","청우","4000"
"2017-11-01","대소면 부윤리","무궁화","2000"
"2017-11-01","대소면 부윤리","무궁화","2200"
"2017-11-01","문화동","거송그랑데리움","8780"
"2017-11-01","청당동","청당마을신도브래뉴","17700"
"2017-11-01","다가동","활림3차크로바","8000"
"2017-11-01","용곡동","용곡1차세광엔리치타워","20000"
"2017-11-01","신방동","신방한성필하우스","30900"
"2017-11-01","신방동","초원그린타운","6500"
"2017-11-01","신방동","초원그린타운","8300"
"2017-11-01","신부동","대림한숲","14900"
"2017-11-01","신부동","힐스테이트 천안 신부","24400"
"2017-11-01","신부동","힐스테이트 천안 신부","19900"
"2017-11-01","신부동","우방유쉘(905)","25900"
"2017-11-01","신부동","힐스테이트 천안 신부","22919"
"2017-11-01","목천읍 신계리","목천이수프라임","10800"
"2017-11-01","성남면 석곡리","태영그린","3500"
"2017-11-01","성정동","주공6-3","9500"
"2017-11-01","백석동","천안백석푸르지오","28000"
"2017-11-01","백석동","백석마을아이파크","42500"
"2017-11-01","백석동","백석마을아이파크","24000"
"2017-11-01","두정동","이편한세상","22400"
"2017-11-01","차암동","e편한세상 스마일시티","19920"
"2017-11-01","차암동","천안한화꿈에그린스마일시티","18900"
"2017-11-01","쌍용동","월봉청솔2차","12500"
"2017-11-01","쌍용동","월봉청솔1단지","12900"
"2017-11-01","쌍용동","월봉청솔1단지","12700"
"2017-11-01","쌍용동","월봉청솔1단지","12300"
"2017-11-01","쌍용동","한라동백","13800"
"2017-11-01","쌍용동","월봉청솔1단지","10000"
"2017-11-01","쌍용동","월봉청솔1단지","12100"
"2017-11-01","쌍용동","주공9","9000"
"2017-11-01","불당동","엘에이치이안","30000"
"2017-11-01","불당동","펜타포트(103동)","59900"
"2017-11-01","불당동","대동다숲","25750"
"2017-11-01","불당동","엘에이치이안","35400"
"2017-11-01","신당동","조승","8300"
"2017-11-01","성환읍 송덕리","영흥","7500"
"2017-11-01","성거읍 요방리","육영원룸","3250"
"2017-11-01","성거읍 요방리","육영원룸","3000"
"2017-11-01","성거읍 요방리","육영원룸","3200"
"2017-11-01","직산읍 군서리","청호","4500"
"2017-11-01","입장면 도림리","한성","5300"
"2017-11-01","입장면 도림리","한성","7000"
"2017-11-01","입장면 신덕리","연합","9000"
"2017-11-01","교동","샹화샤인빌","11050"
"2017-11-01","교동","공주교동대우","10300"
"2017-11-01","교동","공주교동대우","9500"
"2017-11-01","웅진동","배원청실","8000"
"2017-11-01","옥룡동","덕성그린타운","10000"
"2017-11-01","신관동","주공5차","12000"
"2017-11-01","신관동","주공3","7200"
"2017-11-01","대천동","시티타워","20000"
"2017-11-01","명천동","명천주공1차","6000"
"2017-11-01","신흑동","산호","11500"
"2017-11-01","온천동","삼정하이츠","12500"
"2017-11-01","실옥동","대우푸르지오","18500"
"2017-11-01","장존동","청솔","4950"
"2017-11-01","장존동","청솔","6800"
"2017-11-01","풍기동","주은","11000"
"2017-11-01","권곡동","서해그랑블2차","20000"
"2017-11-01","권곡동","청솔","8800"
"2017-11-01","권곡동","삼부르네상스","20300"
"2017-11-01","권곡동","청솔","11050"
"2017-11-01","배방읍 공수리","배방 삼정그린코아","12000"
"2017-11-01","배방읍 공수리","배방 삼정그린코아","8000"
"2017-11-01","배방읍 북수리","새솔마을중앙하이츠3차","17900"
"2017-11-01","배방읍 세교리","신한","8000"
"2017-11-01","음봉면 월랑리","아산 더샵 레이크시티 2차","26100"
"2017-11-01","음봉면 산동리","삼일원앙","11500"
"2017-11-01","음봉면 산동리","태헌장미2","7000"
"2017-11-01","음봉면 동암리","아산 더샵 레이크시티3차","20000"
"2017-11-01","둔포면 둔포리","백남청솔","7100"
"2017-11-01","둔포면 석곡리","테크노밸리 EG the1 1단지","20000"
"2017-11-01","신창면 읍내리","경희학성","4700"
"2017-11-01","신창면 읍내리","경희학성","3950"
"2017-11-01","신창면 읍내리","경희학성","4000"
"2017-11-01","신창면 읍내리","경희학성","4250"
"2017-11-01","신창면 읍내리","경희학성","4200"
"2017-11-01","신창면 남성리","신일","8500"
"2017-11-01","신창면 남성리","아산신창장미","3500"
"2017-11-01","신창면 남성리","아산신창장미","3600"
"2017-11-01","수석동","매화","3200"
"2017-11-01","석림동","주공2단지","9200"
"2017-11-01","석남동","영진크로바","15000"
"2017-11-01","예천동","예천한성필하우스","29500"
"2017-11-01","죽성동","삼성1차","13300"
"2017-11-01","음암면 부산리","음암마을","4500"
"2017-11-01","대교동","논산 인터불고 코아루","18000"
"2017-11-01","대교동","논산 인터불고 코아루","22670"
"2017-11-01","강산동","부영","5600"
"2017-11-01","강경읍 황산리","보성리버맨션","6000"
"2017-11-01","연무읍 동산리","기산","10800"
"2017-11-01","금암동","신성미소지움1차","19900"
"2017-11-01","엄사면 엄사리","경남무궁화","14500"
"2017-11-01","엄사면 엄사리","삼진","4500"
"2017-11-01","채운동","당진채운코아루1차","23700"
"2017-11-01","원당동","당진원당이안","28800"
"2017-11-01","시곡동","현대그린","13900"
"2017-11-01","시곡동","우민늘사랑","9000"
"2017-11-01","석문면 삼봉리","당진정우2차","4200"
"2017-11-01","신평면 거산리","풍림아이원","20300"
"2017-11-01","송산면 유곡리","당진엠코타운","18600"
"2017-11-01","규암면 반산리","대동","10700"
"2017-11-01","홍성읍 오관리","우주은하A동","8500"
"2017-11-01","홍성읍 옥암리","홍성옥암하늘채","14000"
"2017-11-01","홍성읍 옥암리","홍성옥암하늘채","16500"
"2017-11-01","예산읍 주교리","석탑,까치마을","10000"
"2017-11-01","예산읍 신례원리","성문","3400"
"2017-11-01","예산읍 신례원리","신례원현대","6500"
"2017-11-01","응봉면 주령리","응봉리치빌아파트","13000"
"2017-11-01","태안읍 평천리","평천혜성","4600"
"2017-11-01","태안읍 삭선리","부경파크빌","3200"
"2017-11-01","서신동","동아한일","16800"
"2017-11-01","서신동","동아한일","16400"
"2017-11-01","서신동","광진선수촌","20900"
"2017-11-01","서신동","서신2차광진산업장미","17300"
"2017-11-01","평화동1가","평화동 오네뜨","19900"
"2017-11-01","평화동1가","평화주공1단지, 평화주공3단지","5500"
"2017-11-01","평화동1가","평화주공1,2","5700"
"2017-11-01","평화동2가","동아현대","27500"
"2017-11-01","삼천동1가","삼천주공(3)","7400"
"2017-11-01","삼천동1가","(유)남양건설삼천동임대","14000"
"2017-11-01","삼천동1가","우성삼천2차","12400"
"2017-11-01","삼천동1가","신일강변","15100"
"2017-11-01","삼천동1가","우성그린","8950"
"2017-11-01","삼천동1가","신일강변","14000"
"2017-11-01","효자동1가","쌍용모악파크빌라","16500"
"2017-11-01","효자동1가","신일","9800"
"2017-11-01","효자동1가","주공3","8200"
"2017-11-01","효자동1가","쌍용모악파크빌라","14000"
"2017-11-01","효자동2가","엘에이치세븐팰리스","30400"
"2017-11-01","효자동3가","코아루성우아르데코","11500"
"2017-11-01","진북동","우성","10700"
"2017-11-01","인후동1가","두산위브","27700"
"2017-11-01","인후동1가","진버들마을부영(1차)","9500"
"2017-11-01","인후동1가","진버들마을부영(1차)","10000"
"2017-11-01","인후동2가","대우초원","11300"
"2017-11-01","인후동2가","한양운남맨션","10000"
"2017-11-01","금암동","금암중앙하이츠","26300"
"2017-11-01","금암동","금암중앙하이츠","17450"
"2017-11-01","우아동3가","우아(1차)","7200"
"2017-11-01","호성동1가","엘지동아","18100"
"2017-11-01","호성동1가","호성주공2차","13500"
"2017-11-01","호성동1가","엘지동아","13100"
"2017-11-01","호성동1가","신동아","6500"
"2017-11-01","송천동1가","성원무지개","7500"
"2017-11-01","송천동1가","송천신일","9800"
"2017-11-01","송천동2가","전주송천동한라비발디1단지","30000"
"2017-11-01","송천동2가","신동비사벌(197-12)","8200"
"2017-11-01","송천동2가","전주송천동한라비발디1단지","29050"
"2017-11-01","반월동","대창하이빌타운","2550"
"2017-11-01","장동","호반베르디움더클래스","35900"
"2017-11-01","금광동","삼성","9000"
"2017-11-01","송풍동","미성","4000"
"2017-11-01","경암동","경암동제일오투그란데","22000"
"2017-11-01","수송동","제일오투그란데1단지","19500"
"2017-11-01","나운동","나운동 하이스 빌","9000"
"2017-11-01","나운동","영창(1,2동)","13000"
"2017-11-01","나운동","신일해피트리","9200"
"2017-11-01","나운동","비사벌","9800"
"2017-11-01","나운동","롯데3차","18000"
"2017-11-01","나운동","세경","7450"
"2017-11-01","나운동","동신","13000"
"2017-11-01","나운동","영창(3,5,6동)","7800"
"2017-11-01","나운동","우성","12000"
"2017-11-01","나운동","롯데3차","12000"
"2017-11-01","나운동","주공2차","3500"
"2017-11-01","소룡동","제이파크","11000"
"2017-11-01","소룡동","성원상떼빌","6600"
"2017-11-01","소룡동","금강골드빌","10700"
"2017-11-01","소룡동","나우하이츠","7300"
"2017-11-01","소룡동","신흥무지개타운","4200"
"2017-11-01","산북동","시영1차","1500"
"2017-11-01","산북동","주공","3980"
"2017-11-01","산북동","하늘가","2000"
"2017-11-01","산북동","시영1차","2000"
"2017-11-01","산북동","시영1차","2500"
"2017-11-01","산북동","시영2차","2500"
"2017-11-01","산북동","시영2차","2000"
"2017-11-01","산북동","시영1차","2000"
"2017-11-01","산북동","시영1차","2500"
"2017-11-01","창인동2가","창인","7900"
"2017-11-01","동산동","동양화학사원","6600"
"2017-11-01","마동","우남공원(Park)","6500"
"2017-11-01","송학동","송학동영","5500"
"2017-11-01","영등동","동신","13900"
"2017-11-01","어양동","어양주공4단지5단지","8500"
"2017-11-01","어양동","주공6단지","9800"
"2017-11-01","금강동","대신쉐르빌","2700"
"2017-11-01","팔봉동","기안파인골드빌1차","12000"
"2017-11-01","부송동","우미","4700"
"2017-11-01","함열읍 와리","함열제일","12300"
"2017-11-01","수성동","주공2단지","7150"
"2017-11-01","수성동","부영1차","6500"
"2017-11-01","수성동","부영1차","6400"
"2017-11-01","수성동","부영2차","6350"
"2017-11-01","수성동","제일","7500"
"2017-11-01","상동","현대3차","9600"
"2017-11-01","상동","우미타운","5800"
"2017-11-01","신태인읍 신태인리","한진신세대","3250"
"2017-11-01","도통동","우성","10500"
"2017-11-01","월락동","양우내안애아파트","17900"
"2017-11-01","신풍동","비사벌","6100"
"2017-11-01","신풍동","주공","4650"
"2017-11-01","검산동","검산2단지주공","11200"
"2017-11-01","서암동","서암3차동신","6000"
"2017-11-01","서암동","두일골드맨션","6000"
"2017-11-01","봉동읍 둔산리","전주렉시안","14900"
"2017-11-01","봉동읍 낙평리","봉동광신프로그레스","21800"
"2017-11-01","용진읍 신지리","봉동원주임대","5300"
"2017-11-01","이서면 갈산리","이노힐스아파트","24000"
"2017-11-01","순창읍 순화리","신천","4150"
"2017-11-01","고창읍 교촌리","진흥하이츠2차","11500"
"2017-11-01","부안읍 봉덕리","봉덕주공","5750"
"2017-11-01","부안읍 봉덕리","봉덕주공","7500"
"2017-11-01","부안읍 봉덕리","하이안","18500"
"2017-11-01","산정동","현대산업개발","11000"
"2017-11-01","산정동","신안비치2","8000"
"2017-11-01","산정동","삼학하이츠","4700"
"2017-11-01","산정동","근화황제","10200"
"2017-11-01","연산동","연산주공4단지","7900"
"2017-11-01","대성동","목포대성엘에이치천년나무아파트","23300"
"2017-11-01","상동","광명샤인빌2차","19700"
"2017-11-01","상동","주공2","4700"
"2017-11-01","상동","신안2","12700"
"2017-11-01","상동","비파1","7600"
"2017-11-01","상동","삼성","13000"
"2017-11-01","용해동","금호타운","12750"
"2017-11-01","용해동","포미타운주공1단지","13000"
"2017-11-01","용해동","용해하이츠맨션","9000"
"2017-11-01","대양동","근화희망타운1","7800"
"2017-11-01","옥암동","근화옥암베아채","27000"
"2017-11-01","옥암동","제일하이빌2","18500"
"2017-11-01","신월동","금호타운","8300"
"2017-11-01","여서동","경남2차","11800"
"2017-11-01","둔덕동","중앙하이츠","7200"
"2017-11-01","둔덕동","라온유","17850"
"2017-11-01","학동","프라임시티","8460"
"2017-11-01","소호동","여수주은금호2,3단지","11000"
"2017-11-01","소호동","여수주은금호2,3단지","11000"
"2017-11-01","소호동","목련","15450"
"2017-11-01","웅천동","웅천지웰1차(2블럭)","32000"
"2017-11-01","돌산읍 우두리","청솔2차","7500"
"2017-11-01","돌산읍 우두리","청솔2차","7400"
"2017-11-01","돌산읍 우두리","청솔2차","7500"
"2017-11-01","매곡동","삼풍그린파크1","14000"
"2017-11-01","용당동","삼산현대","14000"
"2017-11-01","용당동","삼성","7700"
"2017-11-01","용당동","삼산현대","8200"
"2017-11-01","용당동","삼산현대","8000"
"2017-11-01","생목동","벽산첼시빌","15000"
"2017-11-01","연향동","율산에코지오아파트","15900"
"2017-11-01","풍덕동","주공","6950"
"2017-11-01","남정동","진보맨션1동","9000"
"2017-11-01","오천동","한경3동","5000"
"2017-11-01","왕지동","순천 왕지동 롯데캐슬","55000"
"2017-11-01","왕지동","순천 왕지동 롯데캐슬","41000"
"2017-11-01","조례동","대림1","12500"
"2017-11-01","조례동","주공1","7730"
"2017-11-01","조례동","시대","4800"
"2017-11-01","조례동","동아","11450"
"2017-11-01","조례동","명지장미","3700"
"2017-11-01","해룡면 신대리","중흥에스-클래스1단지","18700"
"2017-11-01","해룡면 상삼리","청솔2","9200"
"2017-11-01","해룡면 상삼리","청솔2","8700"
"2017-11-01","해룡면 상삼리","우미1","8000"
"2017-11-01","송월동","송월주공","5200"
"2017-11-01","삼영동","대덕맨션","4500"
"2017-11-01","남내동","세왕","8340"
"2017-11-01","남내동","세왕","12100"
"2017-11-01","성북동","성북주공","3800"
"2017-11-01","성북동","성북주공","4300"
"2017-11-01","대호동","호반","5220"
"2017-11-01","대호동","대방노블랜드1차","18300"
"2017-11-01","대호동","대방노블랜드1차","13200"
"2017-11-01","대호동","대방노블랜드1차","13800"
"2017-11-01","죽림동","삼성","8200"
"2017-11-01","빛가람동","빛가람혁신도시중흥에스-클래스센트럴1차","27500"
"2017-11-01","빛가람동","빛가람엘에이치4단지","22000"
"2017-11-01","남평읍 동사리","에스티엑스칸.중우하나린","15500"
"2017-11-01","중동","성호2차(201~205동)","4800"
"2017-11-01","중동","성호1차","5450"
"2017-11-01","중동","태영","9000"
"2017-11-01","중동","성호3차","12300"
"2017-11-01","중동","성호1차","5900"
"2017-11-01","중동","성호2차(206~215동)","6850"
"2017-11-01","중동","태영","6000"
"2017-11-01","중동","성호1차","5200"
"2017-11-01","중동","성호2차(206~215동)","6400"
"2017-11-01","중동","광양써니밸리","15600"
"2017-11-01","중동","중마주공1","4000"
"2017-11-01","중동","성호1차","5430"
"2017-11-01","중동","성호2차(206~215동)","6300"
"2017-11-01","중동","성호3차","12800"
"2017-11-01","광영동","가야","2300"
"2017-11-01","광영동","목우","3700"
"2017-11-01","광영동","현대고층","6100"
"2017-11-01","광영동","상아","4100"
"2017-11-01","광영동","가야","2000"
"2017-11-01","금호동","사랑","9900"
"2017-11-01","금호동","매화","8500"
"2017-11-01","금호동","장미아파트(9동~19동)","4300"
"2017-11-01","광양읍 칠성리","주공칠성3","2300"
"2017-11-01","광양읍 용강리","창덕에버빌2단지","9730"
"2017-11-01","광양읍 용강리","창덕에버빌1단지","9340"
"2017-11-01","광양읍 용강리","창덕에버빌1단지","9730"
"2017-11-01","광양읍 용강리","창덕에버빌2단지","8670"
"2017-11-01","광양읍 용강리","창덕에버빌1단지","10500"
"2017-11-01","광양읍 용강리","창덕에버빌1단지","9225"
"2017-11-01","광양읍 용강리","창덕에버빌1단지","9730"
"2017-11-01","광양읍 덕례리","수시아","18600"
"2017-11-01","광양읍 덕례리","대림","5000"
"2017-11-01","고흥읍 남계리","대영원더빌","13000"
"2017-11-01","도양읍 봉암리","주공","4450"
"2017-11-01","도양읍 봉암리","주공","4000"
"2017-11-01","도양읍 봉암리","대현골드빌","9500"
"2017-11-01","도화면 당오리","뉴코아","900"
"2017-11-01","보성읍 우산리","우산주공","5000"
"2017-11-01","화순읍 일심리","서라4차","8150"
"2017-11-01","화순읍 일심리","서라4차","7950"
"2017-11-01","장흥읍 건산리","신동현강변타운","10000"
"2017-11-01","해남읍 해리","금영","8200"
"2017-11-01","해남읍 해리","동백","4150"
"2017-11-01","해남읍 구교리","구교주공","8500"
"2017-11-01","삼호읍 용앙리","금호타운","6900"
"2017-11-01","군서면 도갑리","길촌파크빌라","3500"
"2017-11-01","무안읍 교촌리","명진","1400"
"2017-11-01","무안읍 교촌리","석호가람휘","18000"
"2017-11-01","삼향읍 남악리","근화베아채","20650"
"2017-11-01","삼향읍 남악리","근화베아체비올레","40000"
"2017-11-01","삼향읍 남악리","남악리젠시빌","16500"
"2017-11-01","함평읍 내교리","남산미르채아파트101동","19300"
"2017-11-01","영광읍 단주리","금호","7550"
"2017-11-01","영광읍 단주리","영진파크맨션","9000"
"2017-11-01","영광읍 녹사리","모두원웰리스","18000"
"2017-11-01","영광읍 녹사리","근형퍼스트빌","8250"
"2017-11-01","황룡면 장산리","고려시멘트사원","5500"
"2017-11-01","황룡면 장산리","해주하이츠","6500"
"2017-11-01","완도읍 군내리","완도진아리채","22000"
"2017-11-01","상도동","천호파크","6500"
"2017-11-01","상도동","한라","7900"
"2017-11-01","대도동","동해삼미","7600"
"2017-11-01","해도동","용정그린하이츠","17500"
"2017-11-01","효자동","효자풍림아이원","27300"
"2017-11-01","지곡동","효자그린2차(현대,삼성그린APT)","24700"
"2017-11-01","지곡동","LG그린빌라","34400"
"2017-11-01","대잠동","대잠센트럴하이츠","44300"
"2017-11-01","대잠동","이동우방파크빌","16600"
"2017-11-01","이동","이동그린빌명품","18500"
"2017-11-01","오천읍 세계리","미광전원1","3300"
"2017-11-01","오천읍 용덕리","제일맨션5","4500"
"2017-11-01","오천읍 구정리","진영","2600"
"2017-11-01","동해면 도구리","협성비취타운 2차","3650"
"2017-11-01","동해면 약전리","도구하야로비타운","2000"
"2017-11-01","득량동","양학 도뮤토","21500"
"2017-11-01","학잠동","주공근로복지","5900"
"2017-11-01","학잠동","주공근로복지","5250"
"2017-11-01","용흥동","한라전원2","7000"
"2017-11-01","창포동","주공2","7000"
"2017-11-01","두호동","우방신천지","25000"
"2017-11-01","장성동","대림골든빌","13500"
"2017-11-01","양덕동","양덕 삼구트리니엔3차","25000"
"2017-11-01","양덕동","양덕 삼구트리니엔4차","19800"
"2017-11-01","양덕동","포항양덕풍림아이원","20000"
"2017-11-01","환호동","해맞이그린빌1단지","10400"
"2017-11-01","환호동","해림","8400"
"2017-11-01","흥해읍 마산리","한미장관맨션","4900"
"2017-11-01","흥해읍 남성리","상용남성타운","3300"
"2017-11-01","성건동","대신유니하우스","3000"
"2017-11-01","성건동","대신유니하우스","3000"
"2017-11-01","충효동","대우1차","11000"
"2017-11-01","용강동","계림시영","8300"
"2017-11-01","용강동","대신3","11650"
"2017-11-01","용강동","대신맨션2차","10500"
"2017-11-01","감포읍 감포리","남호비치타워","7100"
"2017-11-01","감포읍 감포리","자연과사람","8500"
"2017-11-01","양남면 나아리","(524-9)","26000"
"2017-11-01","양남면 나아리","(524-9)","25600"
"2017-11-01","강동면 유금리","위덕삼성타운","3900"
"2017-11-01","신음동","동원미라클","13500"
"2017-11-01","부곡동","삼보전원","3800"
"2017-11-01","부곡동","주공1","4200"
"2017-11-01","율곡동","경북혁신케이씨씨스위첸","22500"
"2017-11-01","율곡동","김천혁신도시골드클래스","31000"
"2017-11-01","용상동","용상6주공","12000"
"2017-11-01","안기동","경동","6000"
"2017-11-01","안막동","안막화성","4450"
"2017-11-01","옥동","옥동4주공","15800"
"2017-11-01","노하동","노하동윙스타운","15000"
"2017-11-01","송현동","영남","6900"
"2017-11-01","송현동","송현2주공(316)","3500"
"2017-11-01","정하동","현진에버빌1차","16500"
"2017-11-01","남선면 이천리","용마","5800"
"2017-11-01","도량동","도량파크맨션","17700"
"2017-11-01","도량동","한빛타운","4800"
"2017-11-01","도량동","한빛타운","4700"
"2017-11-01","봉곡동","영남네오빌2단지","18200"
"2017-11-01","남통동","금오산 금호어울림 1단지","20500"
"2017-11-01","남통동","남통e-편한세상","30300"
"2017-11-01","형곡동","대원주택","3500"
"2017-11-01","형곡동","두산주택","7000"
"2017-11-01","형곡동","삼우타운","8900"
"2017-11-01","형곡동","형곡주공4","11350"
"2017-11-01","형곡동","형곡주공3","8700"
"2017-11-01","형곡동","풍림2차","14000"
"2017-11-01","형곡동","형곡시영","6000"
"2017-11-01","송정동","우방타운1","9500"
"2017-11-01","송정동","우방타운1","11400"
"2017-11-01","공단동","파라디아","15800"
"2017-11-01","공단동","우림필유","16700"
"2017-11-01","사곡동","상모사곡화성파크드림","22000"
"2017-11-01","상모동","화성타운","13700"
"2017-11-01","임은동","구미임은삼도뷰엔빌W","18800"
"2017-11-01","구평동","부영7","11700"
"2017-11-01","구평동","구미구평푸르지오","10600"
"2017-11-01","구평동","부영2","13300"
"2017-11-01","구평동","부영3","15500"
"2017-11-01","황상동","황상2주공","7350"
"2017-11-01","황상동","황상1주공","4500"
"2017-11-01","인의동","구미청구하이츠","10000"
"2017-11-01","거의동","신나리1차","9800"
"2017-11-01","옥계동","대동한마음타운","9500"
"2017-11-01","옥계동","옥계동화타운","7000"
"2017-11-01","옥계동","옥계에덴","7500"
"2017-11-01","옥계동","옥계동화타운","7000"
"2017-11-01","옥계동","옥계부영2(임대201동202동203동204동)","6050"
"2017-11-01","고아읍 원호리","원호한누리타운2","8500"
"2017-11-01","가흥동","현대강변타운2","7600"
"2017-11-01","망정동","창신영천타운","6500"
"2017-11-01","망정동","영천망정1단지1주공","5500"
"2017-11-01","망정동","청솔","5300"
"2017-11-01","야사동","청구타운2차단지","10000"
"2017-11-01","야사동","한신더휴영천퍼스트","23000"
"2017-11-01","금호읍 원제리","금호윤성모닝타운","2600"
"2017-11-01","금호읍 원제리","금호윤성모닝타운","2600"
"2017-11-01","금호읍 원제리","금호윤성모닝타운","2700"
"2017-11-01","복룡동","우방2","14600"
"2017-11-01","냉림동","주공2","5050"
"2017-11-01","냉림동","주공2","5000"
"2017-11-01","냉림동","주공1","8000"
"2017-11-01","낙양동","명지1차","6850"
"2017-11-01","점촌동","우진행복아파트","24100"
"2017-11-01","흥덕동","푸른숲","8000"
"2017-11-01","흥덕동","흥덕시영","4700"
"2017-11-01","모전동","남도맨션","9500"
"2017-11-01","백천동","동화리버빌","19000"
"2017-11-01","백천동","경산백천월드메르디앙","21600"
"2017-11-01","백천동","부영초록마을","16800"
"2017-11-01","옥곡동","두리마을부영사랑으로","20000"
"2017-11-01","임당동","영남대역 코아루 더 테라스","22600"
"2017-11-01","계양동","초원맘모스","6750"
"2017-11-01","하양읍 금락리","하양우방3차","15300"
"2017-11-01","하양읍 동서리","하양청구1차","12100"
"2017-11-01","진량읍 봉회리","경산1차삼주봉황타운","5000"
"2017-11-01","진량읍 양기리","초원장미타운","7050"
"2017-11-01","진량읍 황제리","창신황제타운","8000"
"2017-11-01","와촌면 덕촌리","예다인","11000"
"2017-11-01","압량면 부적리","부적주공","10500"
"2017-11-01","압량면 신대리","경산 푸르지오","33000"
"2017-11-01","압량면 신대리","이편한세상경산신대아파트","22500"
"2017-11-01","의성읍 후죽리","의성모노스B동","17724"
"2017-11-01","강구면 오포리","상아맨션","6000"
"2017-11-01","초전면 대장리","초전","9400"
"2017-11-01","왜관읍 왜관리","대동다숲1단지","16800"
"2017-11-01","왜관읍 석전리","왜관한빛타운","12500"
"2017-11-01","북삼읍 어로리","북삼삼주","3000"
"2017-11-01","북삼읍 숭오리","금오현대","10000"
"2017-11-01","석적읍 중리","부영","8300"
"2017-11-01","석적읍 중리","부영","6500"
"2017-11-01","석적읍 남율리","남광하우스토리","16300"
"2017-11-01","석적읍 남율리","우방신천지","13500"
"2017-11-01","약목면 관호리","성재","1600"
"2017-11-01","약목면 관호리","삼주강변타운","3220"
"2017-11-01","약목면 관호리","삼주강변타운","3020"
"2017-11-01","약목면 관호리","삼주강변타운","2900"
"2017-11-01","호명면 산합리","경북도청신도시우방아이유쉘센트럴","20230"
"2017-11-01","울진읍 읍내리","현대","13700"
"2017-11-01","북면 부구리","두산중공업","7600"
"2017-11-01","후포면 삼율리","정우","9500"
"2017-11-01","후포면 삼율리","공영하이츠","7750"
"2017-11-01","동읍 용잠리","삼진","5300"
"2017-11-01","북면 무동리","창원무동지구휴먼빌3단지","24400"
"2017-11-01","대산면 가술리","해강그린","6000"
"2017-11-01","대방동","성원남산3차","8000"
"2017-11-01","대방동","성원남산3차","8500"
"2017-11-01","안민동","신우에이스타운","14600"
"2017-11-01","내동","비앤지스틸(주)내동사원","15500"
"2017-11-01","신촌동","동성1차","14000"
"2017-11-01","반지동","대동그린파크","21000"
"2017-11-01","반지동","까치1차","12200"
"2017-11-01","반림동","현대2차","23000"
"2017-11-01","사파동","대동","26000"
"2017-11-01","남양동","피오르빌","14300"
"2017-11-01","산호동","신안빌라","7200"
"2017-11-01","완월동","완월서광1","16500"
"2017-11-01","월영동","현대2","14000"
"2017-11-01","월영동","월영동아2","14000"
"2017-11-01","자산동","팔도맨션","13500"
"2017-11-01","창포동3가","롯데빌리지","8800"
"2017-11-01","창포동3가","리치클하우스","7100"
"2017-11-01","현동","중흥에스클래스프라디움3차","26800"
"2017-11-01","진동면 진동리","한일유앤아이","27000"
"2017-11-01","구암동","남아그린빌라","5000"
"2017-11-01","석전동","전원파크맨션","8700"
"2017-11-01","양덕동","메트로시티","46800"
"2017-11-01","양덕동","우성","18000"
"2017-11-01","양덕동","한일타운2","19000"
"2017-11-01","내서읍 호계리","코오롱하늘채","20000"
"2017-11-01","내서읍 호계리","정일맨션","11000"
"2017-11-01","내서읍 상곡리","중리근로복지","7000"
"2017-11-01","내서읍 상곡리","삼계서진","7400"
"2017-11-01","내서읍 삼계리","숲속마을(508-1)","16000"
"2017-11-01","태백동","경동빌라태백동1차","5700"
"2017-11-01","경화동","초원빌라(923)","10000"
"2017-11-01","이동","진해이동미소지움","30000"
"2017-11-01","이동","유진빌라","9500"
"2017-11-01","장천동","진해장천대동다숲","21600"
"2017-11-01","청안동","부영1차","14800"
"2017-11-01","청안동","풍림","11600"
"2017-11-01","청안동","부영2차","12300"
"2017-11-01","용원동","부산신항만 이지더원  2단지","21000"
"2017-11-01","주약동","삼환 나우빌","45200"
"2017-11-01","주약동","현대","24000"
"2017-11-01","주약동","한주럭키타운","17500"
"2017-11-01","상봉동","화인","11200"
"2017-11-01","상대동","현대","16000"
"2017-11-01","하대동","도운","7000"
"2017-11-01","신안동","평거현대2","24800"
"2017-11-01","신안동","신안주공3","15000"
"2017-11-01","신안동","신안주공1","22500"
"2017-11-01","평거동","대경그린파크","11700"
"2017-11-01","평거동","평거휴먼시아4단지","32000"
"2017-11-01","이현동","유신","7200"
"2017-11-01","가좌동","가좌주공2차","11750"
"2017-11-01","문산읍 소문리","진주문산코아루","28500"
"2017-11-01","금산면 장사리","두산위브","20000"
"2017-11-01","정량동","대도","6000"
"2017-11-01","인평동","일성한우리(A동B동)","15000"
"2017-11-01","봉평동","봉평주공","4200"
"2017-11-01","광도면 죽림리","한선파라디움","25500"
"2017-11-01","광도면 죽림리","신원아르시스","15000"
"2017-11-01","광도면 안정리","통영현대성우오스타2단지","14000"
"2017-11-01","동림동","서성파라토피아","7900"
"2017-11-01","벌리동","송림프라자","13700"
"2017-11-01","용강동","삼보신우타운","9500"
"2017-11-01","용강동","용강주공1차","10800"
"2017-11-01","대방동","웰뷰파크","12500"
"2017-11-01","사천읍 선인리","덕진봄","18000"
"2017-11-01","사천읍 선인리","대경","7200"
"2017-11-01","사천읍 사주리","대방빌리지","8500"
"2017-11-01","사천읍 구암리","원광이안애","8500"
"2017-11-01","정동면 풍정리","송보파인빌","12200"
"2017-11-01","정동면 풍정리","삼성아파트","10500"
"2017-11-01","사남면 월성리","사천푸르지오","16900"
"2017-11-01","용현면 신복리","동강아뜨리에","8100"
"2017-11-01","용현면 신복리","동강아뜨리에","9000"
"2017-11-01","용현면 덕곡리","덕산아내","15000"
"2017-11-01","곤양면 송전리","미라벨아파트","17800"
"2017-11-01","동상동","동상동 베스티움","18000"
"2017-11-01","구산동","구산제2주공","7900"
"2017-11-01","삼계동","동신","6500"
"2017-11-01","삼계동","화정마을부영6차","13500"
"2017-11-01","삼계동","구지마을3단지푸르지오","30000"
"2017-11-01","삼계동","삼계구산아이파크1단지","23000"
"2017-11-01","외동","일동한신","18000"
"2017-11-01","전하동","반도보라","21000"
"2017-11-01","어방동","우신그린피아","22900"
"2017-11-01","삼방동","대동","10400"
"2017-11-01","부곡동","월산마을9단지부영3차","16400"
"2017-11-01","부곡동","월산마을9단지부영3차","18500"
"2017-11-01","무계동","석봉마을9단지부영5차","9500"
"2017-11-01","신문동","장유2차쌍용예가","30500"
"2017-11-01","삼문동","갑오마을11단지부영그린타운2","17800"
"2017-11-01","관동동","팔판마을부영그린타운3차","13450"
"2017-11-01","관동동","팔판마을부영그린타운3차","16180"
"2017-11-01","진영읍 좌곤리","대근(가나)","5600"
"2017-11-01","진영읍 진영리","중흥에스-클래스진영2단지","18100"
"2017-11-01","진영읍 여래리","장복(2단지)","7000"
"2017-11-01","진영읍 여래리","장복(1단지)","7500"
"2017-11-01","교동","한마음타운","7100"
"2017-11-01","교동","한울아파트","4500"
"2017-11-01","아주동","거제아주현진에버빌","24500"
"2017-11-01","아주동","씨앤스타빌","11000"
"2017-11-01","아주동","늘새롬빌","13600"
"2017-11-01","옥포동","e편한세상옥포아파트1단지","26500"
"2017-11-01","옥포동","혜성","9200"
"2017-11-01","장평동","덕산아내1차","20800"
"2017-11-01","장평동","장평성원(1동-4동)","10000"
"2017-11-01","장평동","제니스타운","13000"
"2017-11-01","고현동","화인아트빌라(101-104동)","18750"
"2017-11-01","고현동","고현주공","12500"
"2017-11-01","고현동","고려2차(201-204동)","13000"
"2017-11-01","상동동","벽산e-솔렌스힐1차","16900"
"2017-11-01","사등면 사곡리","사곡영진자이온2단지","17000"
"2017-11-01","남부동","동원로얄듀크","17700"
"2017-11-01","신기동","신기주공","8500"
"2017-11-01","신기동","해강","8800"
"2017-11-01","신기동","신기주공","12900"
"2017-11-01","북정동","녹원","6400"
"2017-11-01","북정동","새롬성원네오파트","23100"
"2017-11-01","삼호동","동주맨션","5800"
"2017-11-01","삼호동","대동이미지타운2","8800"
"2017-11-01","소주동","천성리버타운","6900"
"2017-11-01","소주동","원진","4100"
"2017-11-01","소주동","새진흥4","9200"
"2017-11-01","평산동","선우4","12900"
"2017-11-01","평산동","대우월드피아","12556"
"2017-11-01","평산동","새진흥6","7500"
"2017-11-01","평산동","새진흥7","7700"
"2017-11-01","평산동","경보3","8900"
"2017-11-01","평산동","봉우","8530"
"2017-11-01","물금읍 가촌리","양산 대방노블랜드 연리지(3차)","37000"
"2017-11-01","물금읍 가촌리","양산 물금 동일스위트","22300"
"2017-11-01","물금읍 범어리","우미린","23650"
"2017-11-01","물금읍 범어리","효성백년가약","25500"
"2017-11-01","물금읍 범어리","양산물금 대방노블랜드  1차","22000"
"2017-11-01","물금읍 범어리","대동타운","7000"
"2017-11-01","물금읍 범어리","일신건영휴먼빌","19600"
"2017-11-01","물금읍 범어리","신창비바패밀리","25000"
"2017-11-01","동면 석산리","양산신도시2차동원로얄듀크","20000"
"2017-11-01","법수면 윤외리","서정에이스","10000"
"2017-11-01","남지읍 남지리","은성판타지아","14280"
"2017-11-01","고성읍 교사리","대동타운","6300"
"2017-11-01","하동읍 광평리","대경송림타운","12700"
"2017-11-01","신안면 하정리","원지대동타운","8500"
"2017-11-01","거창읍 중앙리","지엔지4차","23800"
"2017-11-01","합천읍 합천리","황강타운","3700"
"2017-11-01","합천읍 합천리","수성오바드빌","17800"
"2017-11-01","일도이동","혜성대유","19000"
"2017-11-01","이도이동","제주이도한일베라체","63500"
"2017-11-01","외도일동","더 펠리스 1차","30500"
"2017-11-01","도남동","수선화","11300"
"2017-11-01","애월읍 하귀2리","아름아이빌","21000"
"2017-11-01","서귀동","태흥엘리시안","21000"
"2017-11-01","서귀동","서귀포의꿈","16500"
"2017-11-01","동홍동","제이원타워","9000"
"2017-11-01","중문동","중문미듬하나로","10650"
"2017-11-01","문배동","CJ나인파크","88000"
"2017-11-01","행당동","대림e-편한세상","52900"
"2017-11-01","행당동","신동아","42500"
"2017-11-01","답십리동","현대썬앤빌청계","14300"
"2017-11-01","장안동","장안현대홈타운(336)","57700"
"2017-11-01","휘경동","브라운스톤휘경","47300"
"2017-11-01","휘경동","브라운스톤휘경","51500"
"2017-11-01","휘경동","주공2","41000"
"2017-11-01","휘경동","동일스위트리버","49000"
"2017-11-01","망우동","더하이어","11600"
"2017-11-01","신내동","신내우디안2단지","49000"
"2017-11-01","정릉동","우정에쉐르","40000"
"2017-11-01","방학동","방학E.S.A1아파트","45500"
"2017-11-01","방학동","신동아아파트1","18000"
"2017-11-01","방학동","삼익세라믹아파트","23100"
"2017-11-01","월계동","삼호3","39500"
"2017-11-01","공릉동","동신아파트","42800"
"2017-11-01","공릉동","화랑타운아파트","49000"
"2017-11-01","공릉동","태릉우성아파트","34700"
"2017-11-01","공릉동","공릉동한보","30400"
"2017-11-01","공릉동","시영3차(라이프)아파트","22500"
"2017-11-01","공릉동","풍림아파트A","44700"
"2017-11-11","공릉동","시영3차(라이프)아파트","21100"
"2017-11-01","하계동","학여울청구","51700"
"2017-11-01","하계동","학여울청구","50000"
"2017-11-01","하계동","장미(시영6)","20000"
"2017-11-01","상계동","상계주공7(고층)","42000"
"2017-11-01","상계동","충효파크타운","27500"
"2017-11-01","수색동","(345-5)","30500"
"2017-11-01","녹번동","북한산푸르지오","63000"
"2017-11-01","응암동","우성","28000"
"2017-11-11","현저동","독립문극동(200-0)","48000"
"2017-11-11","홍은동","풍림1차","25000"
"2017-11-01","북가좌동","삼호","34000"
"2017-11-01","용강동","래미안마포리버웰","85000"
"2017-11-01","노고산동","신촌포스빌","28000"
"2017-11-01","현석동","밤섬 예가 클래식","78570"
"2017-11-01","신정동","목동신시가지14","56700"
"2017-11-11","신정동","목동신시가지8","64400"
"2017-11-11","목동","목동애플하임1","21600"
"2017-11-11","목동","목동애플하임1","24150"
"2017-11-11","목동","목동애플하임1","24950"
"2017-11-11","목동","목동애플하임1","24150"
"2017-11-11","목동","목동애플하임1","19000"
"2017-11-11","목동","목동애플하임1","27400"
"2017-11-11","목동","목동애플하임1","25400"
"2017-11-11","목동","목동애플하임1","18550"
"2017-11-11","목동","목동애플하임1","19200"
"2017-11-01","화곡동","중앙화곡하이츠","24500"
"2017-11-01","화곡동","제이월드","37800"
"2017-11-01","내발산동","마곡수명산파크7단지","51400"
"2017-11-01","방화동","개화","60000"
"2017-11-11","방화동","지니스힐","32800"
"2017-11-01","신도림동","대림2","57900"
"2017-11-01","구로동","신안타워","29500"
"2017-11-01","구로동","(742-57)","8000"
"2017-11-01","구로동","우민늘푸른","40000"
"2017-11-01","구로동","럭키","34000"
"2017-11-01","고척동","서울가든","39300"
"2017-11-01","고척동","고척LIG리가1차","46500"
"2017-11-11","고척동","우성,현대아파트","33000"
"2017-11-01","개봉동","개봉푸르지오","50000"
"2017-11-01","천왕동","천왕이펜하우스2단지","52500"
"2017-11-11","당산동4가","유원제일","47350"
"2017-11-01","당산동","래미안당산1차","54000"
"2017-11-01","신길동","한성","54500"
"2017-11-01","신길동","우성2","45000"
"2017-11-01","상도동","래미안상도3차","85300"
"2017-11-01","대방동","대방동현대","55000"
"2017-11-01","봉천동","낙성대현대아파트","65000"
"2017-11-01","봉천동","벽산블루밍","48000"
"2017-11-01","신림동","건영1","23700"
"2017-11-01","방배동","영진","75000"
"2017-11-11","서초동","서초자이","129000"
"2017-11-11","역삼동","래미안펜타빌","165500"
"2017-11-01","삼성동","롯데캐슬프레미어","175000"
"2017-11-01","압구정동","한양8(81동한개동)","384000"
"2017-11-01","수서동","강남데시앙포레","88000"
"2017-11-01","가락동","쌍용노블래스","39500"
"2017-11-01","가락동","가락(1차)쌍용아파트","60000"
"2017-11-01","문정동","파크하비오","99500"
"2017-11-01","문정동","현대(62-5)","45800"
"2017-11-01","방이동","올림픽선수기자촌2단지","164000"
"2017-11-01","길동","강동큐브","10700"
"2017-11-11","길동","현대웰하임(101동)","12500"
"2017-11-01","둔촌동","신동아파밀리에","62900"
"2017-11-11","보수동2가","보수2차 봄여름가을겨울","33500"
"2017-11-01","수정동","수정","4100"
"2017-11-01","대평동1가","하나빌","21400"
"2017-11-01","영선동4가","영선2동4동","6800"
"2017-11-01","동삼동","벽산비치","24700"
"2017-11-01","동삼동","절영(510-2)","12000"
"2017-11-01","동삼동","동산파크타운","10800"
"2017-11-01","동삼동","동삼그린힐","8000"
"2017-11-01","양정동","현대1차","28300"
"2017-11-01","양정동","현대1차","33500"
"2017-11-01","양정동","현대1차","28300"
"2017-11-01","전포동","경원프라우드-2","7150"
"2017-11-01","전포동","서면한신","34000"
"2017-11-01","전포동","전포동위너비타","5700"
"2017-11-01","부전동","네오스포","25600"
"2017-11-01","부전동","부영","6300"
"2017-11-11","범천동","대우디오빌1","8000"
"2017-11-01","부암동","당감뜨란채","19500"
"2017-11-01","당감동","동원","11700"
"2017-11-01","당감동","백산","12750"
"2017-11-01","당감동","국제백양","15400"
"2017-11-01","당감동","국제백양","20800"
"2017-11-01","개금동","현대아이","27000"
"2017-11-01","개금동","현대아이","22750"
"2017-11-01","개금동","개금우드빌(1-9)","14900"
"2017-11-01","수안동","성완세띠앙","30700"
"2017-11-01","사직동","한신","22000"
"2017-11-01","사직동","동일","20000"
"2017-11-11","사직동","사직쌍용예가","27800"
"2017-11-01","대연동","동경리치타운(1797-8)","27500"
"2017-11-01","용호동","GS하이츠자이","73500"
"2017-11-01","용호동","오륙도에스케이뷰","48000"
"2017-11-01","용호동","엘지메트로시티(3)","34250"
"2017-11-11","감만동","감만현대1차","14300"
"2017-11-01","금곡동","화명리버빌2차","24300"
"2017-11-01","금곡동","협진태양·조성아파트","16500"
"2017-11-11","금곡동","금곡5단지주공","11200"
"2017-11-01","만덕동","동원","17000"
"2017-11-01","덕천동","롯데","25000"
"2017-11-01","구포동","벽산그린필드","13500"
"2017-11-01","재송동","센텀우신골든빌","21700"
"2017-11-01","재송동","더샵센텀누리","48500"
"2017-11-01","재송동","삼흥맨션","17500"
"2017-11-01","우동","해운대자이 1단지","82500"
"2017-11-01","좌동","롯데4","39500"
"2017-11-01","좌동","롯데4","28000"
"2017-11-01","좌동","상록","24100"
"2017-11-01","좌동","코오롱","27700"
"2017-11-01","좌동","벽산1","49000"
"2017-11-01","괴정동","신동양","19800"
"2017-11-01","괴정동","리뷰캐슬아파트","17500"
"2017-11-01","괴정동","한우","17700"
"2017-11-01","당리동","동원베네스트2차","22500"
"2017-11-01","장림동","동원로얄듀크","14000"
"2017-11-01","다대동","다대롯데캐슬블루","32000"
"2017-11-01","다대동","다대롯데캐슬블루","42700"
"2017-11-01","다대동","다대코오롱맨션","19000"
"2017-11-01","남산동","석산8차","13000"
"2017-11-11","장전동","벽산블루밍 장전 디자인시티 2단지","60000"
"2017-11-01","부곡동","장전 서희스타힐스","37500"
"2017-11-01","명지동","영어도시 퀸덤1차","37500"
"2017-11-01","명지동","명지오션시티한신휴플러스","28500"
"2017-11-01","명지동","명지1차 금강펜테리움 센트럴파크","30800"
"2017-11-01","명지동","극동스타클래스","30500"
"2017-11-11","거제동","세경미가","19900"
"2017-11-01","연산동","연산 경동메르빌","35000"
"2017-11-01","연산동","더샵 파크시티","50000"
"2017-11-01","연산동","주공","31900"
"2017-11-11","연산동","센텀수영강푸르지오아파트","29000"
"2017-11-01","민락동","동우","10000"
"2017-11-01","광안동","월드파크","17200"
"2017-11-01","남천동","코오롱하늘채골든비치","79500"
"2017-11-01","모라동","백양그린","8900"
"2017-11-01","주례동","엘지신주례1","20000"
"2017-11-11","주례동","주례제일타워맨션","18000"
"2017-11-01","학장동","학장동2차삼성","16500"
"2017-11-01","엄궁동","삼성타워","13000"
"2017-11-11","기장읍 서부리","이진테마빌","8300"
"2017-11-01","남산동","남산그린타운","30000"
"2017-11-01","남산동","보성황실타운","19800"
"2017-11-01","신암동","보성2차","16200"
"2017-11-01","신천동","세명","8300"
"2017-11-01","효목동","진로이스트타운","20000"
"2017-11-11","봉무동","대구이시아폴리스더샵3차","38000"
"2017-11-01","검사동","동촌모노스","24500"
"2017-11-01","방촌동","방촌청구제네스","23800"
"2017-11-11","신기동","신기모란3차","15500"
"2017-11-11","율하동","경남모직안아주","27300"
"2017-11-11","율하동","경남모직안아주","27800"
"2017-11-11","율하동","경남모직안아주","27300"
